"GEO_ID","id",
"NAME","Geographic Area Name",
"S2503_C01_001E","Occupied housing units!!Estimate!!Occupied housing units",
"S2503_C01_001M","Occupied housing units!!Margin of Error!!Occupied housing units",
"S2503_C01_002E","Occupied housing units!!Estimate!!HOUSEHOLD INCOME IN THE PAST 12 MONTHS (IN 2017 INFLATION-ADJUSTED DOLLARS)!!Less than $5,000",
"S2503_C01_002M","Occupied housing units!!Margin of Error!!HOUSEHOLD INCOME IN THE PAST 12 MONTHS (IN 2017 INFLATION-ADJUSTED DOLLARS)!!Less than $5,000",
"S2503_C01_003E","Occupied housing units!!Estimate!!HOUSEHOLD INCOME IN THE PAST 12 MONTHS (IN 2017 INFLATION-ADJUSTED DOLLARS)!!$5,000 to $9,999",
"S2503_C01_003M","Occupied housing units!!Margin of Error!!HOUSEHOLD INCOME IN THE PAST 12 MONTHS (IN 2017 INFLATION-ADJUSTED DOLLARS)!!$5,000 to $9,999",
"S2503_C01_004E","Occupied housing units!!Estimate!!HOUSEHOLD INCOME IN THE PAST 12 MONTHS (IN 2017 INFLATION-ADJUSTED DOLLARS)!!$10,000 to $14,999",
"S2503_C01_004M","Occupied housing units!!Margin of Error!!HOUSEHOLD INCOME IN THE PAST 12 MONTHS (IN 2017 INFLATION-ADJUSTED DOLLARS)!!$10,000 to $14,999",
"S2503_C01_005E","Occupied housing units!!Estimate!!HOUSEHOLD INCOME IN THE PAST 12 MONTHS (IN 2017 INFLATION-ADJUSTED DOLLARS)!!$15,000 to $19,999",
"S2503_C01_005M","Occupied housing units!!Margin of Error!!HOUSEHOLD INCOME IN THE PAST 12 MONTHS (IN 2017 INFLATION-ADJUSTED DOLLARS)!!$15,000 to $19,999",
"S2503_C01_006E","Occupied housing units!!Estimate!!HOUSEHOLD INCOME IN THE PAST 12 MONTHS (IN 2017 INFLATION-ADJUSTED DOLLARS)!!$20,000 to $24,999",
"S2503_C01_006M","Occupied housing units!!Margin of Error!!HOUSEHOLD INCOME IN THE PAST 12 MONTHS (IN 2017 INFLATION-ADJUSTED DOLLARS)!!$20,000 to $24,999",
"S2503_C01_007E","Occupied housing units!!Estimate!!HOUSEHOLD INCOME IN THE PAST 12 MONTHS (IN 2017 INFLATION-ADJUSTED DOLLARS)!!$25,000 to $34,999",
"S2503_C01_007M","Occupied housing units!!Margin of Error!!HOUSEHOLD INCOME IN THE PAST 12 MONTHS (IN 2017 INFLATION-ADJUSTED DOLLARS)!!$25,000 to $34,999",
"S2503_C01_008E","Occupied housing units!!Estimate!!HOUSEHOLD INCOME IN THE PAST 12 MONTHS (IN 2017 INFLATION-ADJUSTED DOLLARS)!!$35,000 to $49,999",
"S2503_C01_008M","Occupied housing units!!Margin of Error!!HOUSEHOLD INCOME IN THE PAST 12 MONTHS (IN 2017 INFLATION-ADJUSTED DOLLARS)!!$35,000 to $49,999",
"S2503_C01_009E","Occupied housing units!!Estimate!!HOUSEHOLD INCOME IN THE PAST 12 MONTHS (IN 2017 INFLATION-ADJUSTED DOLLARS)!!$50,000 to $74,999",
"S2503_C01_009M","Occupied housing units!!Margin of Error!!HOUSEHOLD INCOME IN THE PAST 12 MONTHS (IN 2017 INFLATION-ADJUSTED DOLLARS)!!$50,000 to $74,999",
"S2503_C01_010E","Occupied housing units!!Estimate!!HOUSEHOLD INCOME IN THE PAST 12 MONTHS (IN 2017 INFLATION-ADJUSTED DOLLARS)!!$75,000 to $99,999",
"S2503_C01_010M","Occupied housing units!!Margin of Error!!HOUSEHOLD INCOME IN THE PAST 12 MONTHS (IN 2017 INFLATION-ADJUSTED DOLLARS)!!$75,000 to $99,999",
"S2503_C01_011E","Occupied housing units!!Estimate!!HOUSEHOLD INCOME IN THE PAST 12 MONTHS (IN 2017 INFLATION-ADJUSTED DOLLARS)!!$100,000 to $149,999",
"S2503_C01_011M","Occupied housing units!!Margin of Error!!HOUSEHOLD INCOME IN THE PAST 12 MONTHS (IN 2017 INFLATION-ADJUSTED DOLLARS)!!$100,000 to $149,999",
"S2503_C01_012E","Occupied housing units!!Estimate!!HOUSEHOLD INCOME IN THE PAST 12 MONTHS (IN 2017 INFLATION-ADJUSTED DOLLARS)!!$150,000 or more",
"S2503_C01_012M","Occupied housing units!!Margin of Error!!HOUSEHOLD INCOME IN THE PAST 12 MONTHS (IN 2017 INFLATION-ADJUSTED DOLLARS)!!$150,000 or more",
"S2503_C01_013E","Occupied housing units!!Estimate!!HOUSEHOLD INCOME IN THE PAST 12 MONTHS (IN 2017 INFLATION-ADJUSTED DOLLARS)!!Median household income (dollars)",
"S2503_C01_013M","Occupied housing units!!Margin of Error!!HOUSEHOLD INCOME IN THE PAST 12 MONTHS (IN 2017 INFLATION-ADJUSTED DOLLARS)!!Median household income (dollars)",
"S2503_C01_014E","Occupied housing units!!Estimate!!MONTHLY HOUSING COSTS!!Less than $300",
"S2503_C01_014M","Occupied housing units!!Margin of Error!!MONTHLY HOUSING COSTS!!Less than $300",
"S2503_C01_015E","Occupied housing units!!Estimate!!MONTHLY HOUSING COSTS!!$300 to $499",
"S2503_C01_015M","Occupied housing units!!Margin of Error!!MONTHLY HOUSING COSTS!!$300 to $499",
"S2503_C01_016E","Occupied housing units!!Estimate!!MONTHLY HOUSING COSTS!!$500 to $799",
"S2503_C01_016M","Occupied housing units!!Margin of Error!!MONTHLY HOUSING COSTS!!$500 to $799",
"S2503_C01_017E","Occupied housing units!!Estimate!!MONTHLY HOUSING COSTS!!$800 to $999",
"S2503_C01_017M","Occupied housing units!!Margin of Error!!MONTHLY HOUSING COSTS!!$800 to $999",
"S2503_C01_018E","Occupied housing units!!Estimate!!MONTHLY HOUSING COSTS!!$1,000 to $1,499",
"S2503_C01_018M","Occupied housing units!!Margin of Error!!MONTHLY HOUSING COSTS!!$1,000 to $1,499",
"S2503_C01_019E","Occupied housing units!!Estimate!!MONTHLY HOUSING COSTS!!$1,500 to $1,999",
"S2503_C01_019M","Occupied housing units!!Margin of Error!!MONTHLY HOUSING COSTS!!$1,500 to $1,999",
"S2503_C01_020E","Occupied housing units!!Estimate!!MONTHLY HOUSING COSTS!!$2,000 to $2,499",
"S2503_C01_020M","Occupied housing units!!Margin of Error!!MONTHLY HOUSING COSTS!!$2,000 to $2,499",
"S2503_C01_021E","Occupied housing units!!Estimate!!MONTHLY HOUSING COSTS!!$2,500 to $2,999",
"S2503_C01_021M","Occupied housing units!!Margin of Error!!MONTHLY HOUSING COSTS!!$2,500 to $2,999",
"S2503_C01_022E","Occupied housing units!!Estimate!!MONTHLY HOUSING COSTS!!$3,000 or more",
"S2503_C01_022M","Occupied housing units!!Margin of Error!!MONTHLY HOUSING COSTS!!$3,000 or more",
"S2503_C01_023E","Occupied housing units!!Estimate!!MONTHLY HOUSING COSTS!!No cash rent",
"S2503_C01_023M","Occupied housing units!!Margin of Error!!MONTHLY HOUSING COSTS!!No cash rent",
"S2503_C01_024E","Occupied housing units!!Estimate!!MONTHLY HOUSING COSTS!!Median (dollars)",
"S2503_C01_024M","Occupied housing units!!Margin of Error!!MONTHLY HOUSING COSTS!!Median (dollars)",
"S2503_C01_025E","Occupied housing units!!Estimate!!MONTHLY HOUSING COSTS AS A PERCENTAGE OF HOUSEHOLD INCOME IN THE PAST 12 MONTHS!!Less than $20,000",
"S2503_C01_025M","Occupied housing units!!Margin of Error!!MONTHLY HOUSING COSTS AS A PERCENTAGE OF HOUSEHOLD INCOME IN THE PAST 12 MONTHS!!Less than $20,000",
"S2503_C01_026E","Occupied housing units!!Estimate!!MONTHLY HOUSING COSTS AS A PERCENTAGE OF HOUSEHOLD INCOME IN THE PAST 12 MONTHS!!Less than $20,000!!Less than 20 percent",
"S2503_C01_026M","Occupied housing units!!Margin of Error!!MONTHLY HOUSING COSTS AS A PERCENTAGE OF HOUSEHOLD INCOME IN THE PAST 12 MONTHS!!Less than $20,000!!Less than 20 percent",
"S2503_C01_027E","Occupied housing units!!Estimate!!MONTHLY HOUSING COSTS AS A PERCENTAGE OF HOUSEHOLD INCOME IN THE PAST 12 MONTHS!!Less than $20,000!!20 to 29 percent",
"S2503_C01_027M","Occupied housing units!!Margin of Error!!MONTHLY HOUSING COSTS AS A PERCENTAGE OF HOUSEHOLD INCOME IN THE PAST 12 MONTHS!!Less than $20,000!!20 to 29 percent",
"S2503_C01_028E","Occupied housing units!!Estimate!!MONTHLY HOUSING COSTS AS A PERCENTAGE OF HOUSEHOLD INCOME IN THE PAST 12 MONTHS!!Less than $20,000!!30 percent or more",
"S2503_C01_028M","Occupied housing units!!Margin of Error!!MONTHLY HOUSING COSTS AS A PERCENTAGE OF HOUSEHOLD INCOME IN THE PAST 12 MONTHS!!Less than $20,000!!30 percent or more",
"S2503_C01_029E","Occupied housing units!!Estimate!!MONTHLY HOUSING COSTS AS A PERCENTAGE OF HOUSEHOLD INCOME IN THE PAST 12 MONTHS!!$20,000 to $34,999",
"S2503_C01_029M","Occupied housing units!!Margin of Error!!MONTHLY HOUSING COSTS AS A PERCENTAGE OF HOUSEHOLD INCOME IN THE PAST 12 MONTHS!!$20,000 to $34,999",
"S2503_C01_030E","Occupied housing units!!Estimate!!MONTHLY HOUSING COSTS AS A PERCENTAGE OF HOUSEHOLD INCOME IN THE PAST 12 MONTHS!!$20,000 to $34,999!!Less than 20 percent",
"S2503_C01_030M","Occupied housing units!!Margin of Error!!MONTHLY HOUSING COSTS AS A PERCENTAGE OF HOUSEHOLD INCOME IN THE PAST 12 MONTHS!!$20,000 to $34,999!!Less than 20 percent",
"S2503_C01_031E","Occupied housing units!!Estimate!!MONTHLY HOUSING COSTS AS A PERCENTAGE OF HOUSEHOLD INCOME IN THE PAST 12 MONTHS!!$20,000 to $34,999!!20 to 29 percent",
"S2503_C01_031M","Occupied housing units!!Margin of Error!!MONTHLY HOUSING COSTS AS A PERCENTAGE OF HOUSEHOLD INCOME IN THE PAST 12 MONTHS!!$20,000 to $34,999!!20 to 29 percent",
"S2503_C01_032E","Occupied housing units!!Estimate!!MONTHLY HOUSING COSTS AS A PERCENTAGE OF HOUSEHOLD INCOME IN THE PAST 12 MONTHS!!$20,000 to $34,999!!30 percent or more",
"S2503_C01_032M","Occupied housing units!!Margin of Error!!MONTHLY HOUSING COSTS AS A PERCENTAGE OF HOUSEHOLD INCOME IN THE PAST 12 MONTHS!!$20,000 to $34,999!!30 percent or more",
"S2503_C01_033E","Occupied housing units!!Estimate!!MONTHLY HOUSING COSTS AS A PERCENTAGE OF HOUSEHOLD INCOME IN THE PAST 12 MONTHS!!$35,000 to $49,999",
"S2503_C01_033M","Occupied housing units!!Margin of Error!!MONTHLY HOUSING COSTS AS A PERCENTAGE OF HOUSEHOLD INCOME IN THE PAST 12 MONTHS!!$35,000 to $49,999",
"S2503_C01_034E","Occupied housing units!!Estimate!!MONTHLY HOUSING COSTS AS A PERCENTAGE OF HOUSEHOLD INCOME IN THE PAST 12 MONTHS!!$35,000 to $49,999!!Less than 20 percent",
"S2503_C01_034M","Occupied housing units!!Margin of Error!!MONTHLY HOUSING COSTS AS A PERCENTAGE OF HOUSEHOLD INCOME IN THE PAST 12 MONTHS!!$35,000 to $49,999!!Less than 20 percent",
"S2503_C01_035E","Occupied housing units!!Estimate!!MONTHLY HOUSING COSTS AS A PERCENTAGE OF HOUSEHOLD INCOME IN THE PAST 12 MONTHS!!$35,000 to $49,999!!20 to 29 percent",
"S2503_C01_035M","Occupied housing units!!Margin of Error!!MONTHLY HOUSING COSTS AS A PERCENTAGE OF HOUSEHOLD INCOME IN THE PAST 12 MONTHS!!$35,000 to $49,999!!20 to 29 percent",
"S2503_C01_036E","Occupied housing units!!Estimate!!MONTHLY HOUSING COSTS AS A PERCENTAGE OF HOUSEHOLD INCOME IN THE PAST 12 MONTHS!!$35,000 to $49,999!!30 percent or more",
"S2503_C01_036M","Occupied housing units!!Margin of Error!!MONTHLY HOUSING COSTS AS A PERCENTAGE OF HOUSEHOLD INCOME IN THE PAST 12 MONTHS!!$35,000 to $49,999!!30 percent or more",
"S2503_C01_037E","Occupied housing units!!Estimate!!MONTHLY HOUSING COSTS AS A PERCENTAGE OF HOUSEHOLD INCOME IN THE PAST 12 MONTHS!!$50,000 to $74,999",
"S2503_C01_037M","Occupied housing units!!Margin of Error!!MONTHLY HOUSING COSTS AS A PERCENTAGE OF HOUSEHOLD INCOME IN THE PAST 12 MONTHS!!$50,000 to $74,999",
"S2503_C01_038E","Occupied housing units!!Estimate!!MONTHLY HOUSING COSTS AS A PERCENTAGE OF HOUSEHOLD INCOME IN THE PAST 12 MONTHS!!$50,000 to $74,999!!Less than 20 percent",
"S2503_C01_038M","Occupied housing units!!Margin of Error!!MONTHLY HOUSING COSTS AS A PERCENTAGE OF HOUSEHOLD INCOME IN THE PAST 12 MONTHS!!$50,000 to $74,999!!Less than 20 percent",
"S2503_C01_039E","Occupied housing units!!Estimate!!MONTHLY HOUSING COSTS AS A PERCENTAGE OF HOUSEHOLD INCOME IN THE PAST 12 MONTHS!!$50,000 to $74,999!!20 to 29 percent",
"S2503_C01_039M","Occupied housing units!!Margin of Error!!MONTHLY HOUSING COSTS AS A PERCENTAGE OF HOUSEHOLD INCOME IN THE PAST 12 MONTHS!!$50,000 to $74,999!!20 to 29 percent",
"S2503_C01_040E","Occupied housing units!!Estimate!!MONTHLY HOUSING COSTS AS A PERCENTAGE OF HOUSEHOLD INCOME IN THE PAST 12 MONTHS!!$50,000 to $74,999!!30 percent or more",
"S2503_C01_040M","Occupied housing units!!Margin of Error!!MONTHLY HOUSING COSTS AS A PERCENTAGE OF HOUSEHOLD INCOME IN THE PAST 12 MONTHS!!$50,000 to $74,999!!30 percent or more",
"S2503_C01_041E","Occupied housing units!!Estimate!!MONTHLY HOUSING COSTS AS A PERCENTAGE OF HOUSEHOLD INCOME IN THE PAST 12 MONTHS!!$75,000 or more",
"S2503_C01_041M","Occupied housing units!!Margin of Error!!MONTHLY HOUSING COSTS AS A PERCENTAGE OF HOUSEHOLD INCOME IN THE PAST 12 MONTHS!!$75,000 or more",
"S2503_C01_042E","Occupied housing units!!Estimate!!MONTHLY HOUSING COSTS AS A PERCENTAGE OF HOUSEHOLD INCOME IN THE PAST 12 MONTHS!!$75,000 or more!!Less than 20 percent",
"S2503_C01_042M","Occupied housing units!!Margin of Error!!MONTHLY HOUSING COSTS AS A PERCENTAGE OF HOUSEHOLD INCOME IN THE PAST 12 MONTHS!!$75,000 or more!!Less than 20 percent",
"S2503_C01_043E","Occupied housing units!!Estimate!!MONTHLY HOUSING COSTS AS A PERCENTAGE OF HOUSEHOLD INCOME IN THE PAST 12 MONTHS!!$75,000 or more!!20 to 29 percent",
"S2503_C01_043M","Occupied housing units!!Margin of Error!!MONTHLY HOUSING COSTS AS A PERCENTAGE OF HOUSEHOLD INCOME IN THE PAST 12 MONTHS!!$75,000 or more!!20 to 29 percent",
"S2503_C01_044E","Occupied housing units!!Estimate!!MONTHLY HOUSING COSTS AS A PERCENTAGE OF HOUSEHOLD INCOME IN THE PAST 12 MONTHS!!$75,000 or more!!30 percent or more",
"S2503_C01_044M","Occupied housing units!!Margin of Error!!MONTHLY HOUSING COSTS AS A PERCENTAGE OF HOUSEHOLD INCOME IN THE PAST 12 MONTHS!!$75,000 or more!!30 percent or more",
"S2503_C01_045E","Occupied housing units!!Estimate!!MONTHLY HOUSING COSTS AS A PERCENTAGE OF HOUSEHOLD INCOME IN THE PAST 12 MONTHS!!Zero or negative income",
"S2503_C01_045M","Occupied housing units!!Margin of Error!!MONTHLY HOUSING COSTS AS A PERCENTAGE OF HOUSEHOLD INCOME IN THE PAST 12 MONTHS!!Zero or negative income",
"S2503_C01_046E","Occupied housing units!!Estimate!!MONTHLY HOUSING COSTS AS A PERCENTAGE OF HOUSEHOLD INCOME IN THE PAST 12 MONTHS!!No cash rent",
"S2503_C01_046M","Occupied housing units!!Margin of Error!!MONTHLY HOUSING COSTS AS A PERCENTAGE OF HOUSEHOLD INCOME IN THE PAST 12 MONTHS!!No cash rent",
"S2503_C02_001E","Percent occupied housing units!!Estimate!!Occupied housing units",
"S2503_C02_001M","Percent occupied housing units!!Margin of Error!!Occupied housing units",
"S2503_C02_002E","Percent occupied housing units!!Estimate!!HOUSEHOLD INCOME IN THE PAST 12 MONTHS (IN 2017 INFLATION-ADJUSTED DOLLARS)!!Less than $5,000",
"S2503_C02_002M","Percent occupied housing units!!Margin of Error!!HOUSEHOLD INCOME IN THE PAST 12 MONTHS (IN 2017 INFLATION-ADJUSTED DOLLARS)!!Less than $5,000",
"S2503_C02_003E","Percent occupied housing units!!Estimate!!HOUSEHOLD INCOME IN THE PAST 12 MONTHS (IN 2017 INFLATION-ADJUSTED DOLLARS)!!$5,000 to $9,999",
"S2503_C02_003M","Percent occupied housing units!!Margin of Error!!HOUSEHOLD INCOME IN THE PAST 12 MONTHS (IN 2017 INFLATION-ADJUSTED DOLLARS)!!$5,000 to $9,999",
"S2503_C02_004E","Percent occupied housing units!!Estimate!!HOUSEHOLD INCOME IN THE PAST 12 MONTHS (IN 2017 INFLATION-ADJUSTED DOLLARS)!!$10,000 to $14,999",
"S2503_C02_004M","Percent occupied housing units!!Margin of Error!!HOUSEHOLD INCOME IN THE PAST 12 MONTHS (IN 2017 INFLATION-ADJUSTED DOLLARS)!!$10,000 to $14,999",
"S2503_C02_005E","Percent occupied housing units!!Estimate!!HOUSEHOLD INCOME IN THE PAST 12 MONTHS (IN 2017 INFLATION-ADJUSTED DOLLARS)!!$15,000 to $19,999",
"S2503_C02_005M","Percent occupied housing units!!Margin of Error!!HOUSEHOLD INCOME IN THE PAST 12 MONTHS (IN 2017 INFLATION-ADJUSTED DOLLARS)!!$15,000 to $19,999",
"S2503_C02_006E","Percent occupied housing units!!Estimate!!HOUSEHOLD INCOME IN THE PAST 12 MONTHS (IN 2017 INFLATION-ADJUSTED DOLLARS)!!$20,000 to $24,999",
"S2503_C02_006M","Percent occupied housing units!!Margin of Error!!HOUSEHOLD INCOME IN THE PAST 12 MONTHS (IN 2017 INFLATION-ADJUSTED DOLLARS)!!$20,000 to $24,999",
"S2503_C02_007E","Percent occupied housing units!!Estimate!!HOUSEHOLD INCOME IN THE PAST 12 MONTHS (IN 2017 INFLATION-ADJUSTED DOLLARS)!!$25,000 to $34,999",
"S2503_C02_007M","Percent occupied housing units!!Margin of Error!!HOUSEHOLD INCOME IN THE PAST 12 MONTHS (IN 2017 INFLATION-ADJUSTED DOLLARS)!!$25,000 to $34,999",
"S2503_C02_008E","Percent occupied housing units!!Estimate!!HOUSEHOLD INCOME IN THE PAST 12 MONTHS (IN 2017 INFLATION-ADJUSTED DOLLARS)!!$35,000 to $49,999",
"S2503_C02_008M","Percent occupied housing units!!Margin of Error!!HOUSEHOLD INCOME IN THE PAST 12 MONTHS (IN 2017 INFLATION-ADJUSTED DOLLARS)!!$35,000 to $49,999",
"S2503_C02_009E","Percent occupied housing units!!Estimate!!HOUSEHOLD INCOME IN THE PAST 12 MONTHS (IN 2017 INFLATION-ADJUSTED DOLLARS)!!$50,000 to $74,999",
"S2503_C02_009M","Percent occupied housing units!!Margin of Error!!HOUSEHOLD INCOME IN THE PAST 12 MONTHS (IN 2017 INFLATION-ADJUSTED DOLLARS)!!$50,000 to $74,999",
"S2503_C02_010E","Percent occupied housing units!!Estimate!!HOUSEHOLD INCOME IN THE PAST 12 MONTHS (IN 2017 INFLATION-ADJUSTED DOLLARS)!!$75,000 to $99,999",
"S2503_C02_010M","Percent occupied housing units!!Margin of Error!!HOUSEHOLD INCOME IN THE PAST 12 MONTHS (IN 2017 INFLATION-ADJUSTED DOLLARS)!!$75,000 to $99,999",
"S2503_C02_011E","Percent occupied housing units!!Estimate!!HOUSEHOLD INCOME IN THE PAST 12 MONTHS (IN 2017 INFLATION-ADJUSTED DOLLARS)!!$100,000 to $149,999",
"S2503_C02_011M","Percent occupied housing units!!Margin of Error!!HOUSEHOLD INCOME IN THE PAST 12 MONTHS (IN 2017 INFLATION-ADJUSTED DOLLARS)!!$100,000 to $149,999",
"S2503_C02_012E","Percent occupied housing units!!Estimate!!HOUSEHOLD INCOME IN THE PAST 12 MONTHS (IN 2017 INFLATION-ADJUSTED DOLLARS)!!$150,000 or more",
"S2503_C02_012M","Percent occupied housing units!!Margin of Error!!HOUSEHOLD INCOME IN THE PAST 12 MONTHS (IN 2017 INFLATION-ADJUSTED DOLLARS)!!$150,000 or more",
"S2503_C02_013E","Percent occupied housing units!!Estimate!!HOUSEHOLD INCOME IN THE PAST 12 MONTHS (IN 2017 INFLATION-ADJUSTED DOLLARS)!!Median household income (dollars)",
"S2503_C02_013M","Percent occupied housing units!!Margin of Error!!HOUSEHOLD INCOME IN THE PAST 12 MONTHS (IN 2017 INFLATION-ADJUSTED DOLLARS)!!Median household income (dollars)",
"S2503_C02_014E","Percent occupied housing units!!Estimate!!MONTHLY HOUSING COSTS!!Less than $300",
"S2503_C02_014M","Percent occupied housing units!!Margin of Error!!MONTHLY HOUSING COSTS!!Less than $300",
"S2503_C02_015E","Percent occupied housing units!!Estimate!!MONTHLY HOUSING COSTS!!$300 to $499",
"S2503_C02_015M","Percent occupied housing units!!Margin of Error!!MONTHLY HOUSING COSTS!!$300 to $499",
"S2503_C02_016E","Percent occupied housing units!!Estimate!!MONTHLY HOUSING COSTS!!$500 to $799",
"S2503_C02_016M","Percent occupied housing units!!Margin of Error!!MONTHLY HOUSING COSTS!!$500 to $799",
"S2503_C02_017E","Percent occupied housing units!!Estimate!!MONTHLY HOUSING COSTS!!$800 to $999",
"S2503_C02_017M","Percent occupied housing units!!Margin of Error!!MONTHLY HOUSING COSTS!!$800 to $999",
"S2503_C02_018E","Percent occupied housing units!!Estimate!!MONTHLY HOUSING COSTS!!$1,000 to $1,499",
"S2503_C02_018M","Percent occupied housing units!!Margin of Error!!MONTHLY HOUSING COSTS!!$1,000 to $1,499",
"S2503_C02_019E","Percent occupied housing units!!Estimate!!MONTHLY HOUSING COSTS!!$1,500 to $1,999",
"S2503_C02_019M","Percent occupied housing units!!Margin of Error!!MONTHLY HOUSING COSTS!!$1,500 to $1,999",
"S2503_C02_020E","Percent occupied housing units!!Estimate!!MONTHLY HOUSING COSTS!!$2,000 to $2,499",
"S2503_C02_020M","Percent occupied housing units!!Margin of Error!!MONTHLY HOUSING COSTS!!$2,000 to $2,499",
"S2503_C02_021E","Percent occupied housing units!!Estimate!!MONTHLY HOUSING COSTS!!$2,500 to $2,999",
"S2503_C02_021M","Percent occupied housing units!!Margin of Error!!MONTHLY HOUSING COSTS!!$2,500 to $2,999",
"S2503_C02_022E","Percent occupied housing units!!Estimate!!MONTHLY HOUSING COSTS!!$3,000 or more",
"S2503_C02_022M","Percent occupied housing units!!Margin of Error!!MONTHLY HOUSING COSTS!!$3,000 or more",
"S2503_C02_023E","Percent occupied housing units!!Estimate!!MONTHLY HOUSING COSTS!!No cash rent",
"S2503_C02_023M","Percent occupied housing units!!Margin of Error!!MONTHLY HOUSING COSTS!!No cash rent",
"S2503_C02_024E","Percent occupied housing units!!Estimate!!MONTHLY HOUSING COSTS!!Median (dollars)",
"S2503_C02_024M","Percent occupied housing units!!Margin of Error!!MONTHLY HOUSING COSTS!!Median (dollars)",
"S2503_C02_025E","Percent occupied housing units!!Estimate!!MONTHLY HOUSING COSTS AS A PERCENTAGE OF HOUSEHOLD INCOME IN THE PAST 12 MONTHS!!Less than $20,000",
"S2503_C02_025M","Percent occupied housing units!!Margin of Error!!MONTHLY HOUSING COSTS AS A PERCENTAGE OF HOUSEHOLD INCOME IN THE PAST 12 MONTHS!!Less than $20,000",
"S2503_C02_026E","Percent occupied housing units!!Estimate!!MONTHLY HOUSING COSTS AS A PERCENTAGE OF HOUSEHOLD INCOME IN THE PAST 12 MONTHS!!Less than $20,000!!Less than 20 percent",
"S2503_C02_026M","Percent occupied housing units!!Margin of Error!!MONTHLY HOUSING COSTS AS A PERCENTAGE OF HOUSEHOLD INCOME IN THE PAST 12 MONTHS!!Less than $20,000!!Less than 20 percent",
"S2503_C02_027E","Percent occupied housing units!!Estimate!!MONTHLY HOUSING COSTS AS A PERCENTAGE OF HOUSEHOLD INCOME IN THE PAST 12 MONTHS!!Less than $20,000!!20 to 29 percent",
"S2503_C02_027M","Percent occupied housing units!!Margin of Error!!MONTHLY HOUSING COSTS AS A PERCENTAGE OF HOUSEHOLD INCOME IN THE PAST 12 MONTHS!!Less than $20,000!!20 to 29 percent",
"S2503_C02_028E","Percent occupied housing units!!Estimate!!MONTHLY HOUSING COSTS AS A PERCENTAGE OF HOUSEHOLD INCOME IN THE PAST 12 MONTHS!!Less than $20,000!!30 percent or more",
"S2503_C02_028M","Percent occupied housing units!!Margin of Error!!MONTHLY HOUSING COSTS AS A PERCENTAGE OF HOUSEHOLD INCOME IN THE PAST 12 MONTHS!!Less than $20,000!!30 percent or more",
"S2503_C02_029E","Percent occupied housing units!!Estimate!!MONTHLY HOUSING COSTS AS A PERCENTAGE OF HOUSEHOLD INCOME IN THE PAST 12 MONTHS!!$20,000 to $34,999",
"S2503_C02_029M","Percent occupied housing units!!Margin of Error!!MONTHLY HOUSING COSTS AS A PERCENTAGE OF HOUSEHOLD INCOME IN THE PAST 12 MONTHS!!$20,000 to $34,999",
"S2503_C02_030E","Percent occupied housing units!!Estimate!!MONTHLY HOUSING COSTS AS A PERCENTAGE OF HOUSEHOLD INCOME IN THE PAST 12 MONTHS!!$20,000 to $34,999!!Less than 20 percent",
"S2503_C02_030M","Percent occupied housing units!!Margin of Error!!MONTHLY HOUSING COSTS AS A PERCENTAGE OF HOUSEHOLD INCOME IN THE PAST 12 MONTHS!!$20,000 to $34,999!!Less than 20 percent",
"S2503_C02_031E","Percent occupied housing units!!Estimate!!MONTHLY HOUSING COSTS AS A PERCENTAGE OF HOUSEHOLD INCOME IN THE PAST 12 MONTHS!!$20,000 to $34,999!!20 to 29 percent",
"S2503_C02_031M","Percent occupied housing units!!Margin of Error!!MONTHLY HOUSING COSTS AS A PERCENTAGE OF HOUSEHOLD INCOME IN THE PAST 12 MONTHS!!$20,000 to $34,999!!20 to 29 percent",
"S2503_C02_032E","Percent occupied housing units!!Estimate!!MONTHLY HOUSING COSTS AS A PERCENTAGE OF HOUSEHOLD INCOME IN THE PAST 12 MONTHS!!$20,000 to $34,999!!30 percent or more",
"S2503_C02_032M","Percent occupied housing units!!Margin of Error!!MONTHLY HOUSING COSTS AS A PERCENTAGE OF HOUSEHOLD INCOME IN THE PAST 12 MONTHS!!$20,000 to $34,999!!30 percent or more",
"S2503_C02_033E","Percent occupied housing units!!Estimate!!MONTHLY HOUSING COSTS AS A PERCENTAGE OF HOUSEHOLD INCOME IN THE PAST 12 MONTHS!!$35,000 to $49,999",
"S2503_C02_033M","Percent occupied housing units!!Margin of Error!!MONTHLY HOUSING COSTS AS A PERCENTAGE OF HOUSEHOLD INCOME IN THE PAST 12 MONTHS!!$35,000 to $49,999",
"S2503_C02_034E","Percent occupied housing units!!Estimate!!MONTHLY HOUSING COSTS AS A PERCENTAGE OF HOUSEHOLD INCOME IN THE PAST 12 MONTHS!!$35,000 to $49,999!!Less than 20 percent",
"S2503_C02_034M","Percent occupied housing units!!Margin of Error!!MONTHLY HOUSING COSTS AS A PERCENTAGE OF HOUSEHOLD INCOME IN THE PAST 12 MONTHS!!$35,000 to $49,999!!Less than 20 percent",
"S2503_C02_035E","Percent occupied housing units!!Estimate!!MONTHLY HOUSING COSTS AS A PERCENTAGE OF HOUSEHOLD INCOME IN THE PAST 12 MONTHS!!$35,000 to $49,999!!20 to 29 percent",
"S2503_C02_035M","Percent occupied housing units!!Margin of Error!!MONTHLY HOUSING COSTS AS A PERCENTAGE OF HOUSEHOLD INCOME IN THE PAST 12 MONTHS!!$35,000 to $49,999!!20 to 29 percent",
"S2503_C02_036E","Percent occupied housing units!!Estimate!!MONTHLY HOUSING COSTS AS A PERCENTAGE OF HOUSEHOLD INCOME IN THE PAST 12 MONTHS!!$35,000 to $49,999!!30 percent or more",
"S2503_C02_036M","Percent occupied housing units!!Margin of Error!!MONTHLY HOUSING COSTS AS A PERCENTAGE OF HOUSEHOLD INCOME IN THE PAST 12 MONTHS!!$35,000 to $49,999!!30 percent or more",
"S2503_C02_037E","Percent occupied housing units!!Estimate!!MONTHLY HOUSING COSTS AS A PERCENTAGE OF HOUSEHOLD INCOME IN THE PAST 12 MONTHS!!$50,000 to $74,999",
"S2503_C02_037M","Percent occupied housing units!!Margin of Error!!MONTHLY HOUSING COSTS AS A PERCENTAGE OF HOUSEHOLD INCOME IN THE PAST 12 MONTHS!!$50,000 to $74,999",
"S2503_C02_038E","Percent occupied housing units!!Estimate!!MONTHLY HOUSING COSTS AS A PERCENTAGE OF HOUSEHOLD INCOME IN THE PAST 12 MONTHS!!$50,000 to $74,999!!Less than 20 percent",
"S2503_C02_038M","Percent occupied housing units!!Margin of Error!!MONTHLY HOUSING COSTS AS A PERCENTAGE OF HOUSEHOLD INCOME IN THE PAST 12 MONTHS!!$50,000 to $74,999!!Less than 20 percent",
"S2503_C02_039E","Percent occupied housing units!!Estimate!!MONTHLY HOUSING COSTS AS A PERCENTAGE OF HOUSEHOLD INCOME IN THE PAST 12 MONTHS!!$50,000 to $74,999!!20 to 29 percent",
"S2503_C02_039M","Percent occupied housing units!!Margin of Error!!MONTHLY HOUSING COSTS AS A PERCENTAGE OF HOUSEHOLD INCOME IN THE PAST 12 MONTHS!!$50,000 to $74,999!!20 to 29 percent",
"S2503_C02_040E","Percent occupied housing units!!Estimate!!MONTHLY HOUSING COSTS AS A PERCENTAGE OF HOUSEHOLD INCOME IN THE PAST 12 MONTHS!!$50,000 to $74,999!!30 percent or more",
"S2503_C02_040M","Percent occupied housing units!!Margin of Error!!MONTHLY HOUSING COSTS AS A PERCENTAGE OF HOUSEHOLD INCOME IN THE PAST 12 MONTHS!!$50,000 to $74,999!!30 percent or more",
"S2503_C02_041E","Percent occupied housing units!!Estimate!!MONTHLY HOUSING COSTS AS A PERCENTAGE OF HOUSEHOLD INCOME IN THE PAST 12 MONTHS!!$75,000 or more",
"S2503_C02_041M","Percent occupied housing units!!Margin of Error!!MONTHLY HOUSING COSTS AS A PERCENTAGE OF HOUSEHOLD INCOME IN THE PAST 12 MONTHS!!$75,000 or more",
"S2503_C02_042E","Percent occupied housing units!!Estimate!!MONTHLY HOUSING COSTS AS A PERCENTAGE OF HOUSEHOLD INCOME IN THE PAST 12 MONTHS!!$75,000 or more!!Less than 20 percent",
"S2503_C02_042M","Percent occupied housing units!!Margin of Error!!MONTHLY HOUSING COSTS AS A PERCENTAGE OF HOUSEHOLD INCOME IN THE PAST 12 MONTHS!!$75,000 or more!!Less than 20 percent",
"S2503_C02_043E","Percent occupied housing units!!Estimate!!MONTHLY HOUSING COSTS AS A PERCENTAGE OF HOUSEHOLD INCOME IN THE PAST 12 MONTHS!!$75,000 or more!!20 to 29 percent",
"S2503_C02_043M","Percent occupied housing units!!Margin of Error!!MONTHLY HOUSING COSTS AS A PERCENTAGE OF HOUSEHOLD INCOME IN THE PAST 12 MONTHS!!$75,000 or more!!20 to 29 percent",
"S2503_C02_044E","Percent occupied housing units!!Estimate!!MONTHLY HOUSING COSTS AS A PERCENTAGE OF HOUSEHOLD INCOME IN THE PAST 12 MONTHS!!$75,000 or more!!30 percent or more",
"S2503_C02_044M","Percent occupied housing units!!Margin of Error!!MONTHLY HOUSING COSTS AS A PERCENTAGE OF HOUSEHOLD INCOME IN THE PAST 12 MONTHS!!$75,000 or more!!30 percent or more",
"S2503_C02_045E","Percent occupied housing units!!Estimate!!MONTHLY HOUSING COSTS AS A PERCENTAGE OF HOUSEHOLD INCOME IN THE PAST 12 MONTHS!!Zero or negative income",
"S2503_C02_045M","Percent occupied housing units!!Margin of Error!!MONTHLY HOUSING COSTS AS A PERCENTAGE OF HOUSEHOLD INCOME IN THE PAST 12 MONTHS!!Zero or negative income",
"S2503_C02_046E","Percent occupied housing units!!Estimate!!MONTHLY HOUSING COSTS AS A PERCENTAGE OF HOUSEHOLD INCOME IN THE PAST 12 MONTHS!!No cash rent",
"S2503_C02_046M","Percent occupied housing units!!Margin of Error!!MONTHLY HOUSING COSTS AS A PERCENTAGE OF HOUSEHOLD INCOME IN THE PAST 12 MONTHS!!No cash rent",
"S2503_C03_001E","Owner-occupied housing units!!Estimate!!Occupied housing units",
"S2503_C03_001M","Owner-occupied housing units!!Margin of Error!!Occupied housing units",
"S2503_C03_002E","Owner-occupied housing units!!Estimate!!HOUSEHOLD INCOME IN THE PAST 12 MONTHS (IN 2017 INFLATION-ADJUSTED DOLLARS)!!Less than $5,000",
"S2503_C03_002M","Owner-occupied housing units!!Margin of Error!!HOUSEHOLD INCOME IN THE PAST 12 MONTHS (IN 2017 INFLATION-ADJUSTED DOLLARS)!!Less than $5,000",
"S2503_C03_003E","Owner-occupied housing units!!Estimate!!HOUSEHOLD INCOME IN THE PAST 12 MONTHS (IN 2017 INFLATION-ADJUSTED DOLLARS)!!$5,000 to $9,999",
"S2503_C03_003M","Owner-occupied housing units!!Margin of Error!!HOUSEHOLD INCOME IN THE PAST 12 MONTHS (IN 2017 INFLATION-ADJUSTED DOLLARS)!!$5,000 to $9,999",
"S2503_C03_004E","Owner-occupied housing units!!Estimate!!HOUSEHOLD INCOME IN THE PAST 12 MONTHS (IN 2017 INFLATION-ADJUSTED DOLLARS)!!$10,000 to $14,999",
"S2503_C03_004M","Owner-occupied housing units!!Margin of Error!!HOUSEHOLD INCOME IN THE PAST 12 MONTHS (IN 2017 INFLATION-ADJUSTED DOLLARS)!!$10,000 to $14,999",
"S2503_C03_005E","Owner-occupied housing units!!Estimate!!HOUSEHOLD INCOME IN THE PAST 12 MONTHS (IN 2017 INFLATION-ADJUSTED DOLLARS)!!$15,000 to $19,999",
"S2503_C03_005M","Owner-occupied housing units!!Margin of Error!!HOUSEHOLD INCOME IN THE PAST 12 MONTHS (IN 2017 INFLATION-ADJUSTED DOLLARS)!!$15,000 to $19,999",
"S2503_C03_006E","Owner-occupied housing units!!Estimate!!HOUSEHOLD INCOME IN THE PAST 12 MONTHS (IN 2017 INFLATION-ADJUSTED DOLLARS)!!$20,000 to $24,999",
"S2503_C03_006M","Owner-occupied housing units!!Margin of Error!!HOUSEHOLD INCOME IN THE PAST 12 MONTHS (IN 2017 INFLATION-ADJUSTED DOLLARS)!!$20,000 to $24,999",
"S2503_C03_007E","Owner-occupied housing units!!Estimate!!HOUSEHOLD INCOME IN THE PAST 12 MONTHS (IN 2017 INFLATION-ADJUSTED DOLLARS)!!$25,000 to $34,999",
"S2503_C03_007M","Owner-occupied housing units!!Margin of Error!!HOUSEHOLD INCOME IN THE PAST 12 MONTHS (IN 2017 INFLATION-ADJUSTED DOLLARS)!!$25,000 to $34,999",
"S2503_C03_008E","Owner-occupied housing units!!Estimate!!HOUSEHOLD INCOME IN THE PAST 12 MONTHS (IN 2017 INFLATION-ADJUSTED DOLLARS)!!$35,000 to $49,999",
"S2503_C03_008M","Owner-occupied housing units!!Margin of Error!!HOUSEHOLD INCOME IN THE PAST 12 MONTHS (IN 2017 INFLATION-ADJUSTED DOLLARS)!!$35,000 to $49,999",
"S2503_C03_009E","Owner-occupied housing units!!Estimate!!HOUSEHOLD INCOME IN THE PAST 12 MONTHS (IN 2017 INFLATION-ADJUSTED DOLLARS)!!$50,000 to $74,999",
"S2503_C03_009M","Owner-occupied housing units!!Margin of Error!!HOUSEHOLD INCOME IN THE PAST 12 MONTHS (IN 2017 INFLATION-ADJUSTED DOLLARS)!!$50,000 to $74,999",
"S2503_C03_010E","Owner-occupied housing units!!Estimate!!HOUSEHOLD INCOME IN THE PAST 12 MONTHS (IN 2017 INFLATION-ADJUSTED DOLLARS)!!$75,000 to $99,999",
"S2503_C03_010M","Owner-occupied housing units!!Margin of Error!!HOUSEHOLD INCOME IN THE PAST 12 MONTHS (IN 2017 INFLATION-ADJUSTED DOLLARS)!!$75,000 to $99,999",
"S2503_C03_011E","Owner-occupied housing units!!Estimate!!HOUSEHOLD INCOME IN THE PAST 12 MONTHS (IN 2017 INFLATION-ADJUSTED DOLLARS)!!$100,000 to $149,999",
"S2503_C03_011M","Owner-occupied housing units!!Margin of Error!!HOUSEHOLD INCOME IN THE PAST 12 MONTHS (IN 2017 INFLATION-ADJUSTED DOLLARS)!!$100,000 to $149,999",
"S2503_C03_012E","Owner-occupied housing units!!Estimate!!HOUSEHOLD INCOME IN THE PAST 12 MONTHS (IN 2017 INFLATION-ADJUSTED DOLLARS)!!$150,000 or more",
"S2503_C03_012M","Owner-occupied housing units!!Margin of Error!!HOUSEHOLD INCOME IN THE PAST 12 MONTHS (IN 2017 INFLATION-ADJUSTED DOLLARS)!!$150,000 or more",
"S2503_C03_013E","Owner-occupied housing units!!Estimate!!HOUSEHOLD INCOME IN THE PAST 12 MONTHS (IN 2017 INFLATION-ADJUSTED DOLLARS)!!Median household income (dollars)",
"S2503_C03_013M","Owner-occupied housing units!!Margin of Error!!HOUSEHOLD INCOME IN THE PAST 12 MONTHS (IN 2017 INFLATION-ADJUSTED DOLLARS)!!Median household income (dollars)",
"S2503_C03_014E","Owner-occupied housing units!!Estimate!!MONTHLY HOUSING COSTS!!Less than $300",
"S2503_C03_014M","Owner-occupied housing units!!Margin of Error!!MONTHLY HOUSING COSTS!!Less than $300",
"S2503_C03_015E","Owner-occupied housing units!!Estimate!!MONTHLY HOUSING COSTS!!$300 to $499",
"S2503_C03_015M","Owner-occupied housing units!!Margin of Error!!MONTHLY HOUSING COSTS!!$300 to $499",
"S2503_C03_016E","Owner-occupied housing units!!Estimate!!MONTHLY HOUSING COSTS!!$500 to $799",
"S2503_C03_016M","Owner-occupied housing units!!Margin of Error!!MONTHLY HOUSING COSTS!!$500 to $799",
"S2503_C03_017E","Owner-occupied housing units!!Estimate!!MONTHLY HOUSING COSTS!!$800 to $999",
"S2503_C03_017M","Owner-occupied housing units!!Margin of Error!!MONTHLY HOUSING COSTS!!$800 to $999",
"S2503_C03_018E","Owner-occupied housing units!!Estimate!!MONTHLY HOUSING COSTS!!$1,000 to $1,499",
"S2503_C03_018M","Owner-occupied housing units!!Margin of Error!!MONTHLY HOUSING COSTS!!$1,000 to $1,499",
"S2503_C03_019E","Owner-occupied housing units!!Estimate!!MONTHLY HOUSING COSTS!!$1,500 to $1,999",
"S2503_C03_019M","Owner-occupied housing units!!Margin of Error!!MONTHLY HOUSING COSTS!!$1,500 to $1,999",
"S2503_C03_020E","Owner-occupied housing units!!Estimate!!MONTHLY HOUSING COSTS!!$2,000 to $2,499",
"S2503_C03_020M","Owner-occupied housing units!!Margin of Error!!MONTHLY HOUSING COSTS!!$2,000 to $2,499",
"S2503_C03_021E","Owner-occupied housing units!!Estimate!!MONTHLY HOUSING COSTS!!$2,500 to $2,999",
"S2503_C03_021M","Owner-occupied housing units!!Margin of Error!!MONTHLY HOUSING COSTS!!$2,500 to $2,999",
"S2503_C03_022E","Owner-occupied housing units!!Estimate!!MONTHLY HOUSING COSTS!!$3,000 or more",
"S2503_C03_022M","Owner-occupied housing units!!Margin of Error!!MONTHLY HOUSING COSTS!!$3,000 or more",
"S2503_C03_023E","Owner-occupied housing units!!Estimate!!MONTHLY HOUSING COSTS!!No cash rent",
"S2503_C03_023M","Owner-occupied housing units!!Margin of Error!!MONTHLY HOUSING COSTS!!No cash rent",
"S2503_C03_024E","Owner-occupied housing units!!Estimate!!MONTHLY HOUSING COSTS!!Median (dollars)",
"S2503_C03_024M","Owner-occupied housing units!!Margin of Error!!MONTHLY HOUSING COSTS!!Median (dollars)",
"S2503_C03_025E","Owner-occupied housing units!!Estimate!!MONTHLY HOUSING COSTS AS A PERCENTAGE OF HOUSEHOLD INCOME IN THE PAST 12 MONTHS!!Less than $20,000",
"S2503_C03_025M","Owner-occupied housing units!!Margin of Error!!MONTHLY HOUSING COSTS AS A PERCENTAGE OF HOUSEHOLD INCOME IN THE PAST 12 MONTHS!!Less than $20,000",
"S2503_C03_026E","Owner-occupied housing units!!Estimate!!MONTHLY HOUSING COSTS AS A PERCENTAGE OF HOUSEHOLD INCOME IN THE PAST 12 MONTHS!!Less than $20,000!!Less than 20 percent",
"S2503_C03_026M","Owner-occupied housing units!!Margin of Error!!MONTHLY HOUSING COSTS AS A PERCENTAGE OF HOUSEHOLD INCOME IN THE PAST 12 MONTHS!!Less than $20,000!!Less than 20 percent",
"S2503_C03_027E","Owner-occupied housing units!!Estimate!!MONTHLY HOUSING COSTS AS A PERCENTAGE OF HOUSEHOLD INCOME IN THE PAST 12 MONTHS!!Less than $20,000!!20 to 29 percent",
"S2503_C03_027M","Owner-occupied housing units!!Margin of Error!!MONTHLY HOUSING COSTS AS A PERCENTAGE OF HOUSEHOLD INCOME IN THE PAST 12 MONTHS!!Less than $20,000!!20 to 29 percent",
"S2503_C03_028E","Owner-occupied housing units!!Estimate!!MONTHLY HOUSING COSTS AS A PERCENTAGE OF HOUSEHOLD INCOME IN THE PAST 12 MONTHS!!Less than $20,000!!30 percent or more",
"S2503_C03_028M","Owner-occupied housing units!!Margin of Error!!MONTHLY HOUSING COSTS AS A PERCENTAGE OF HOUSEHOLD INCOME IN THE PAST 12 MONTHS!!Less than $20,000!!30 percent or more",
"S2503_C03_029E","Owner-occupied housing units!!Estimate!!MONTHLY HOUSING COSTS AS A PERCENTAGE OF HOUSEHOLD INCOME IN THE PAST 12 MONTHS!!$20,000 to $34,999",
"S2503_C03_029M","Owner-occupied housing units!!Margin of Error!!MONTHLY HOUSING COSTS AS A PERCENTAGE OF HOUSEHOLD INCOME IN THE PAST 12 MONTHS!!$20,000 to $34,999",
"S2503_C03_030E","Owner-occupied housing units!!Estimate!!MONTHLY HOUSING COSTS AS A PERCENTAGE OF HOUSEHOLD INCOME IN THE PAST 12 MONTHS!!$20,000 to $34,999!!Less than 20 percent",
"S2503_C03_030M","Owner-occupied housing units!!Margin of Error!!MONTHLY HOUSING COSTS AS A PERCENTAGE OF HOUSEHOLD INCOME IN THE PAST 12 MONTHS!!$20,000 to $34,999!!Less than 20 percent",
"S2503_C03_031E","Owner-occupied housing units!!Estimate!!MONTHLY HOUSING COSTS AS A PERCENTAGE OF HOUSEHOLD INCOME IN THE PAST 12 MONTHS!!$20,000 to $34,999!!20 to 29 percent",
"S2503_C03_031M","Owner-occupied housing units!!Margin of Error!!MONTHLY HOUSING COSTS AS A PERCENTAGE OF HOUSEHOLD INCOME IN THE PAST 12 MONTHS!!$20,000 to $34,999!!20 to 29 percent",
"S2503_C03_032E","Owner-occupied housing units!!Estimate!!MONTHLY HOUSING COSTS AS A PERCENTAGE OF HOUSEHOLD INCOME IN THE PAST 12 MONTHS!!$20,000 to $34,999!!30 percent or more",
"S2503_C03_032M","Owner-occupied housing units!!Margin of Error!!MONTHLY HOUSING COSTS AS A PERCENTAGE OF HOUSEHOLD INCOME IN THE PAST 12 MONTHS!!$20,000 to $34,999!!30 percent or more",
"S2503_C03_033E","Owner-occupied housing units!!Estimate!!MONTHLY HOUSING COSTS AS A PERCENTAGE OF HOUSEHOLD INCOME IN THE PAST 12 MONTHS!!$35,000 to $49,999",
"S2503_C03_033M","Owner-occupied housing units!!Margin of Error!!MONTHLY HOUSING COSTS AS A PERCENTAGE OF HOUSEHOLD INCOME IN THE PAST 12 MONTHS!!$35,000 to $49,999",
"S2503_C03_034E","Owner-occupied housing units!!Estimate!!MONTHLY HOUSING COSTS AS A PERCENTAGE OF HOUSEHOLD INCOME IN THE PAST 12 MONTHS!!$35,000 to $49,999!!Less than 20 percent",
"S2503_C03_034M","Owner-occupied housing units!!Margin of Error!!MONTHLY HOUSING COSTS AS A PERCENTAGE OF HOUSEHOLD INCOME IN THE PAST 12 MONTHS!!$35,000 to $49,999!!Less than 20 percent",
"S2503_C03_035E","Owner-occupied housing units!!Estimate!!MONTHLY HOUSING COSTS AS A PERCENTAGE OF HOUSEHOLD INCOME IN THE PAST 12 MONTHS!!$35,000 to $49,999!!20 to 29 percent",
"S2503_C03_035M","Owner-occupied housing units!!Margin of Error!!MONTHLY HOUSING COSTS AS A PERCENTAGE OF HOUSEHOLD INCOME IN THE PAST 12 MONTHS!!$35,000 to $49,999!!20 to 29 percent",
"S2503_C03_036E","Owner-occupied housing units!!Estimate!!MONTHLY HOUSING COSTS AS A PERCENTAGE OF HOUSEHOLD INCOME IN THE PAST 12 MONTHS!!$35,000 to $49,999!!30 percent or more",
"S2503_C03_036M","Owner-occupied housing units!!Margin of Error!!MONTHLY HOUSING COSTS AS A PERCENTAGE OF HOUSEHOLD INCOME IN THE PAST 12 MONTHS!!$35,000 to $49,999!!30 percent or more",
"S2503_C03_037E","Owner-occupied housing units!!Estimate!!MONTHLY HOUSING COSTS AS A PERCENTAGE OF HOUSEHOLD INCOME IN THE PAST 12 MONTHS!!$50,000 to $74,999",
"S2503_C03_037M","Owner-occupied housing units!!Margin of Error!!MONTHLY HOUSING COSTS AS A PERCENTAGE OF HOUSEHOLD INCOME IN THE PAST 12 MONTHS!!$50,000 to $74,999",
"S2503_C03_038E","Owner-occupied housing units!!Estimate!!MONTHLY HOUSING COSTS AS A PERCENTAGE OF HOUSEHOLD INCOME IN THE PAST 12 MONTHS!!$50,000 to $74,999!!Less than 20 percent",
"S2503_C03_038M","Owner-occupied housing units!!Margin of Error!!MONTHLY HOUSING COSTS AS A PERCENTAGE OF HOUSEHOLD INCOME IN THE PAST 12 MONTHS!!$50,000 to $74,999!!Less than 20 percent",
"S2503_C03_039E","Owner-occupied housing units!!Estimate!!MONTHLY HOUSING COSTS AS A PERCENTAGE OF HOUSEHOLD INCOME IN THE PAST 12 MONTHS!!$50,000 to $74,999!!20 to 29 percent",
"S2503_C03_039M","Owner-occupied housing units!!Margin of Error!!MONTHLY HOUSING COSTS AS A PERCENTAGE OF HOUSEHOLD INCOME IN THE PAST 12 MONTHS!!$50,000 to $74,999!!20 to 29 percent",
"S2503_C03_040E","Owner-occupied housing units!!Estimate!!MONTHLY HOUSING COSTS AS A PERCENTAGE OF HOUSEHOLD INCOME IN THE PAST 12 MONTHS!!$50,000 to $74,999!!30 percent or more",
"S2503_C03_040M","Owner-occupied housing units!!Margin of Error!!MONTHLY HOUSING COSTS AS A PERCENTAGE OF HOUSEHOLD INCOME IN THE PAST 12 MONTHS!!$50,000 to $74,999!!30 percent or more",
"S2503_C03_041E","Owner-occupied housing units!!Estimate!!MONTHLY HOUSING COSTS AS A PERCENTAGE OF HOUSEHOLD INCOME IN THE PAST 12 MONTHS!!$75,000 or more",
"S2503_C03_041M","Owner-occupied housing units!!Margin of Error!!MONTHLY HOUSING COSTS AS A PERCENTAGE OF HOUSEHOLD INCOME IN THE PAST 12 MONTHS!!$75,000 or more",
"S2503_C03_042E","Owner-occupied housing units!!Estimate!!MONTHLY HOUSING COSTS AS A PERCENTAGE OF HOUSEHOLD INCOME IN THE PAST 12 MONTHS!!$75,000 or more!!Less than 20 percent",
"S2503_C03_042M","Owner-occupied housing units!!Margin of Error!!MONTHLY HOUSING COSTS AS A PERCENTAGE OF HOUSEHOLD INCOME IN THE PAST 12 MONTHS!!$75,000 or more!!Less than 20 percent",
"S2503_C03_043E","Owner-occupied housing units!!Estimate!!MONTHLY HOUSING COSTS AS A PERCENTAGE OF HOUSEHOLD INCOME IN THE PAST 12 MONTHS!!$75,000 or more!!20 to 29 percent",
"S2503_C03_043M","Owner-occupied housing units!!Margin of Error!!MONTHLY HOUSING COSTS AS A PERCENTAGE OF HOUSEHOLD INCOME IN THE PAST 12 MONTHS!!$75,000 or more!!20 to 29 percent",
"S2503_C03_044E","Owner-occupied housing units!!Estimate!!MONTHLY HOUSING COSTS AS A PERCENTAGE OF HOUSEHOLD INCOME IN THE PAST 12 MONTHS!!$75,000 or more!!30 percent or more",
"S2503_C03_044M","Owner-occupied housing units!!Margin of Error!!MONTHLY HOUSING COSTS AS A PERCENTAGE OF HOUSEHOLD INCOME IN THE PAST 12 MONTHS!!$75,000 or more!!30 percent or more",
"S2503_C03_045E","Owner-occupied housing units!!Estimate!!MONTHLY HOUSING COSTS AS A PERCENTAGE OF HOUSEHOLD INCOME IN THE PAST 12 MONTHS!!Zero or negative income",
"S2503_C03_045M","Owner-occupied housing units!!Margin of Error!!MONTHLY HOUSING COSTS AS A PERCENTAGE OF HOUSEHOLD INCOME IN THE PAST 12 MONTHS!!Zero or negative income",
"S2503_C03_046E","Owner-occupied housing units!!Estimate!!MONTHLY HOUSING COSTS AS A PERCENTAGE OF HOUSEHOLD INCOME IN THE PAST 12 MONTHS!!No cash rent",
"S2503_C03_046M","Owner-occupied housing units!!Margin of Error!!MONTHLY HOUSING COSTS AS A PERCENTAGE OF HOUSEHOLD INCOME IN THE PAST 12 MONTHS!!No cash rent",
"S2503_C04_001E","Percent owner-occupied housing units!!Estimate!!Occupied housing units",
"S2503_C04_001M","Percent owner-occupied housing units!!Margin of Error!!Occupied housing units",
"S2503_C04_002E","Percent owner-occupied housing units!!Estimate!!HOUSEHOLD INCOME IN THE PAST 12 MONTHS (IN 2017 INFLATION-ADJUSTED DOLLARS)!!Less than $5,000",
"S2503_C04_002M","Percent owner-occupied housing units!!Margin of Error!!HOUSEHOLD INCOME IN THE PAST 12 MONTHS (IN 2017 INFLATION-ADJUSTED DOLLARS)!!Less than $5,000",
"S2503_C04_003E","Percent owner-occupied housing units!!Estimate!!HOUSEHOLD INCOME IN THE PAST 12 MONTHS (IN 2017 INFLATION-ADJUSTED DOLLARS)!!$5,000 to $9,999",
"S2503_C04_003M","Percent owner-occupied housing units!!Margin of Error!!HOUSEHOLD INCOME IN THE PAST 12 MONTHS (IN 2017 INFLATION-ADJUSTED DOLLARS)!!$5,000 to $9,999",
"S2503_C04_004E","Percent owner-occupied housing units!!Estimate!!HOUSEHOLD INCOME IN THE PAST 12 MONTHS (IN 2017 INFLATION-ADJUSTED DOLLARS)!!$10,000 to $14,999",
"S2503_C04_004M","Percent owner-occupied housing units!!Margin of Error!!HOUSEHOLD INCOME IN THE PAST 12 MONTHS (IN 2017 INFLATION-ADJUSTED DOLLARS)!!$10,000 to $14,999",
"S2503_C04_005E","Percent owner-occupied housing units!!Estimate!!HOUSEHOLD INCOME IN THE PAST 12 MONTHS (IN 2017 INFLATION-ADJUSTED DOLLARS)!!$15,000 to $19,999",
"S2503_C04_005M","Percent owner-occupied housing units!!Margin of Error!!HOUSEHOLD INCOME IN THE PAST 12 MONTHS (IN 2017 INFLATION-ADJUSTED DOLLARS)!!$15,000 to $19,999",
"S2503_C04_006E","Percent owner-occupied housing units!!Estimate!!HOUSEHOLD INCOME IN THE PAST 12 MONTHS (IN 2017 INFLATION-ADJUSTED DOLLARS)!!$20,000 to $24,999",
"S2503_C04_006M","Percent owner-occupied housing units!!Margin of Error!!HOUSEHOLD INCOME IN THE PAST 12 MONTHS (IN 2017 INFLATION-ADJUSTED DOLLARS)!!$20,000 to $24,999",
"S2503_C04_007E","Percent owner-occupied housing units!!Estimate!!HOUSEHOLD INCOME IN THE PAST 12 MONTHS (IN 2017 INFLATION-ADJUSTED DOLLARS)!!$25,000 to $34,999",
"S2503_C04_007M","Percent owner-occupied housing units!!Margin of Error!!HOUSEHOLD INCOME IN THE PAST 12 MONTHS (IN 2017 INFLATION-ADJUSTED DOLLARS)!!$25,000 to $34,999",
"S2503_C04_008E","Percent owner-occupied housing units!!Estimate!!HOUSEHOLD INCOME IN THE PAST 12 MONTHS (IN 2017 INFLATION-ADJUSTED DOLLARS)!!$35,000 to $49,999",
"S2503_C04_008M","Percent owner-occupied housing units!!Margin of Error!!HOUSEHOLD INCOME IN THE PAST 12 MONTHS (IN 2017 INFLATION-ADJUSTED DOLLARS)!!$35,000 to $49,999",
"S2503_C04_009E","Percent owner-occupied housing units!!Estimate!!HOUSEHOLD INCOME IN THE PAST 12 MONTHS (IN 2017 INFLATION-ADJUSTED DOLLARS)!!$50,000 to $74,999",
"S2503_C04_009M","Percent owner-occupied housing units!!Margin of Error!!HOUSEHOLD INCOME IN THE PAST 12 MONTHS (IN 2017 INFLATION-ADJUSTED DOLLARS)!!$50,000 to $74,999",
"S2503_C04_010E","Percent owner-occupied housing units!!Estimate!!HOUSEHOLD INCOME IN THE PAST 12 MONTHS (IN 2017 INFLATION-ADJUSTED DOLLARS)!!$75,000 to $99,999",
"S2503_C04_010M","Percent owner-occupied housing units!!Margin of Error!!HOUSEHOLD INCOME IN THE PAST 12 MONTHS (IN 2017 INFLATION-ADJUSTED DOLLARS)!!$75,000 to $99,999",
"S2503_C04_011E","Percent owner-occupied housing units!!Estimate!!HOUSEHOLD INCOME IN THE PAST 12 MONTHS (IN 2017 INFLATION-ADJUSTED DOLLARS)!!$100,000 to $149,999",
"S2503_C04_011M","Percent owner-occupied housing units!!Margin of Error!!HOUSEHOLD INCOME IN THE PAST 12 MONTHS (IN 2017 INFLATION-ADJUSTED DOLLARS)!!$100,000 to $149,999",
"S2503_C04_012E","Percent owner-occupied housing units!!Estimate!!HOUSEHOLD INCOME IN THE PAST 12 MONTHS (IN 2017 INFLATION-ADJUSTED DOLLARS)!!$150,000 or more",
"S2503_C04_012M","Percent owner-occupied housing units!!Margin of Error!!HOUSEHOLD INCOME IN THE PAST 12 MONTHS (IN 2017 INFLATION-ADJUSTED DOLLARS)!!$150,000 or more",
"S2503_C04_013E","Percent owner-occupied housing units!!Estimate!!HOUSEHOLD INCOME IN THE PAST 12 MONTHS (IN 2017 INFLATION-ADJUSTED DOLLARS)!!Median household income (dollars)",
"S2503_C04_013M","Percent owner-occupied housing units!!Margin of Error!!HOUSEHOLD INCOME IN THE PAST 12 MONTHS (IN 2017 INFLATION-ADJUSTED DOLLARS)!!Median household income (dollars)",
"S2503_C04_014E","Percent owner-occupied housing units!!Estimate!!MONTHLY HOUSING COSTS!!Less than $300",
"S2503_C04_014M","Percent owner-occupied housing units!!Margin of Error!!MONTHLY HOUSING COSTS!!Less than $300",
"S2503_C04_015E","Percent owner-occupied housing units!!Estimate!!MONTHLY HOUSING COSTS!!$300 to $499",
"S2503_C04_015M","Percent owner-occupied housing units!!Margin of Error!!MONTHLY HOUSING COSTS!!$300 to $499",
"S2503_C04_016E","Percent owner-occupied housing units!!Estimate!!MONTHLY HOUSING COSTS!!$500 to $799",
"S2503_C04_016M","Percent owner-occupied housing units!!Margin of Error!!MONTHLY HOUSING COSTS!!$500 to $799",
"S2503_C04_017E","Percent owner-occupied housing units!!Estimate!!MONTHLY HOUSING COSTS!!$800 to $999",
"S2503_C04_017M","Percent owner-occupied housing units!!Margin of Error!!MONTHLY HOUSING COSTS!!$800 to $999",
"S2503_C04_018E","Percent owner-occupied housing units!!Estimate!!MONTHLY HOUSING COSTS!!$1,000 to $1,499",
"S2503_C04_018M","Percent owner-occupied housing units!!Margin of Error!!MONTHLY HOUSING COSTS!!$1,000 to $1,499",
"S2503_C04_019E","Percent owner-occupied housing units!!Estimate!!MONTHLY HOUSING COSTS!!$1,500 to $1,999",
"S2503_C04_019M","Percent owner-occupied housing units!!Margin of Error!!MONTHLY HOUSING COSTS!!$1,500 to $1,999",
"S2503_C04_020E","Percent owner-occupied housing units!!Estimate!!MONTHLY HOUSING COSTS!!$2,000 to $2,499",
"S2503_C04_020M","Percent owner-occupied housing units!!Margin of Error!!MONTHLY HOUSING COSTS!!$2,000 to $2,499",
"S2503_C04_021E","Percent owner-occupied housing units!!Estimate!!MONTHLY HOUSING COSTS!!$2,500 to $2,999",
"S2503_C04_021M","Percent owner-occupied housing units!!Margin of Error!!MONTHLY HOUSING COSTS!!$2,500 to $2,999",
"S2503_C04_022E","Percent owner-occupied housing units!!Estimate!!MONTHLY HOUSING COSTS!!$3,000 or more",
"S2503_C04_022M","Percent owner-occupied housing units!!Margin of Error!!MONTHLY HOUSING COSTS!!$3,000 or more",
"S2503_C04_023E","Percent owner-occupied housing units!!Estimate!!MONTHLY HOUSING COSTS!!No cash rent",
"S2503_C04_023M","Percent owner-occupied housing units!!Margin of Error!!MONTHLY HOUSING COSTS!!No cash rent",
"S2503_C04_024E","Percent owner-occupied housing units!!Estimate!!MONTHLY HOUSING COSTS!!Median (dollars)",
"S2503_C04_024M","Percent owner-occupied housing units!!Margin of Error!!MONTHLY HOUSING COSTS!!Median (dollars)",
"S2503_C04_025E","Percent owner-occupied housing units!!Estimate!!MONTHLY HOUSING COSTS AS A PERCENTAGE OF HOUSEHOLD INCOME IN THE PAST 12 MONTHS!!Less than $20,000",
"S2503_C04_025M","Percent owner-occupied housing units!!Margin of Error!!MONTHLY HOUSING COSTS AS A PERCENTAGE OF HOUSEHOLD INCOME IN THE PAST 12 MONTHS!!Less than $20,000",
"S2503_C04_026E","Percent owner-occupied housing units!!Estimate!!MONTHLY HOUSING COSTS AS A PERCENTAGE OF HOUSEHOLD INCOME IN THE PAST 12 MONTHS!!Less than $20,000!!Less than 20 percent",
"S2503_C04_026M","Percent owner-occupied housing units!!Margin of Error!!MONTHLY HOUSING COSTS AS A PERCENTAGE OF HOUSEHOLD INCOME IN THE PAST 12 MONTHS!!Less than $20,000!!Less than 20 percent",
"S2503_C04_027E","Percent owner-occupied housing units!!Estimate!!MONTHLY HOUSING COSTS AS A PERCENTAGE OF HOUSEHOLD INCOME IN THE PAST 12 MONTHS!!Less than $20,000!!20 to 29 percent",
"S2503_C04_027M","Percent owner-occupied housing units!!Margin of Error!!MONTHLY HOUSING COSTS AS A PERCENTAGE OF HOUSEHOLD INCOME IN THE PAST 12 MONTHS!!Less than $20,000!!20 to 29 percent",
"S2503_C04_028E","Percent owner-occupied housing units!!Estimate!!MONTHLY HOUSING COSTS AS A PERCENTAGE OF HOUSEHOLD INCOME IN THE PAST 12 MONTHS!!Less than $20,000!!30 percent or more",
"S2503_C04_028M","Percent owner-occupied housing units!!Margin of Error!!MONTHLY HOUSING COSTS AS A PERCENTAGE OF HOUSEHOLD INCOME IN THE PAST 12 MONTHS!!Less than $20,000!!30 percent or more",
"S2503_C04_029E","Percent owner-occupied housing units!!Estimate!!MONTHLY HOUSING COSTS AS A PERCENTAGE OF HOUSEHOLD INCOME IN THE PAST 12 MONTHS!!$20,000 to $34,999",
"S2503_C04_029M","Percent owner-occupied housing units!!Margin of Error!!MONTHLY HOUSING COSTS AS A PERCENTAGE OF HOUSEHOLD INCOME IN THE PAST 12 MONTHS!!$20,000 to $34,999",
"S2503_C04_030E","Percent owner-occupied housing units!!Estimate!!MONTHLY HOUSING COSTS AS A PERCENTAGE OF HOUSEHOLD INCOME IN THE PAST 12 MONTHS!!$20,000 to $34,999!!Less than 20 percent",
"S2503_C04_030M","Percent owner-occupied housing units!!Margin of Error!!MONTHLY HOUSING COSTS AS A PERCENTAGE OF HOUSEHOLD INCOME IN THE PAST 12 MONTHS!!$20,000 to $34,999!!Less than 20 percent",
"S2503_C04_031E","Percent owner-occupied housing units!!Estimate!!MONTHLY HOUSING COSTS AS A PERCENTAGE OF HOUSEHOLD INCOME IN THE PAST 12 MONTHS!!$20,000 to $34,999!!20 to 29 percent",
"S2503_C04_031M","Percent owner-occupied housing units!!Margin of Error!!MONTHLY HOUSING COSTS AS A PERCENTAGE OF HOUSEHOLD INCOME IN THE PAST 12 MONTHS!!$20,000 to $34,999!!20 to 29 percent",
"S2503_C04_032E","Percent owner-occupied housing units!!Estimate!!MONTHLY HOUSING COSTS AS A PERCENTAGE OF HOUSEHOLD INCOME IN THE PAST 12 MONTHS!!$20,000 to $34,999!!30 percent or more",
"S2503_C04_032M","Percent owner-occupied housing units!!Margin of Error!!MONTHLY HOUSING COSTS AS A PERCENTAGE OF HOUSEHOLD INCOME IN THE PAST 12 MONTHS!!$20,000 to $34,999!!30 percent or more",
"S2503_C04_033E","Percent owner-occupied housing units!!Estimate!!MONTHLY HOUSING COSTS AS A PERCENTAGE OF HOUSEHOLD INCOME IN THE PAST 12 MONTHS!!$35,000 to $49,999",
"S2503_C04_033M","Percent owner-occupied housing units!!Margin of Error!!MONTHLY HOUSING COSTS AS A PERCENTAGE OF HOUSEHOLD INCOME IN THE PAST 12 MONTHS!!$35,000 to $49,999",
"S2503_C04_034E","Percent owner-occupied housing units!!Estimate!!MONTHLY HOUSING COSTS AS A PERCENTAGE OF HOUSEHOLD INCOME IN THE PAST 12 MONTHS!!$35,000 to $49,999!!Less than 20 percent",
"S2503_C04_034M","Percent owner-occupied housing units!!Margin of Error!!MONTHLY HOUSING COSTS AS A PERCENTAGE OF HOUSEHOLD INCOME IN THE PAST 12 MONTHS!!$35,000 to $49,999!!Less than 20 percent",
"S2503_C04_035E","Percent owner-occupied housing units!!Estimate!!MONTHLY HOUSING COSTS AS A PERCENTAGE OF HOUSEHOLD INCOME IN THE PAST 12 MONTHS!!$35,000 to $49,999!!20 to 29 percent",
"S2503_C04_035M","Percent owner-occupied housing units!!Margin of Error!!MONTHLY HOUSING COSTS AS A PERCENTAGE OF HOUSEHOLD INCOME IN THE PAST 12 MONTHS!!$35,000 to $49,999!!20 to 29 percent",
"S2503_C04_036E","Percent owner-occupied housing units!!Estimate!!MONTHLY HOUSING COSTS AS A PERCENTAGE OF HOUSEHOLD INCOME IN THE PAST 12 MONTHS!!$35,000 to $49,999!!30 percent or more",
"S2503_C04_036M","Percent owner-occupied housing units!!Margin of Error!!MONTHLY HOUSING COSTS AS A PERCENTAGE OF HOUSEHOLD INCOME IN THE PAST 12 MONTHS!!$35,000 to $49,999!!30 percent or more",
"S2503_C04_037E","Percent owner-occupied housing units!!Estimate!!MONTHLY HOUSING COSTS AS A PERCENTAGE OF HOUSEHOLD INCOME IN THE PAST 12 MONTHS!!$50,000 to $74,999",
"S2503_C04_037M","Percent owner-occupied housing units!!Margin of Error!!MONTHLY HOUSING COSTS AS A PERCENTAGE OF HOUSEHOLD INCOME IN THE PAST 12 MONTHS!!$50,000 to $74,999",
"S2503_C04_038E","Percent owner-occupied housing units!!Estimate!!MONTHLY HOUSING COSTS AS A PERCENTAGE OF HOUSEHOLD INCOME IN THE PAST 12 MONTHS!!$50,000 to $74,999!!Less than 20 percent",
"S2503_C04_038M","Percent owner-occupied housing units!!Margin of Error!!MONTHLY HOUSING COSTS AS A PERCENTAGE OF HOUSEHOLD INCOME IN THE PAST 12 MONTHS!!$50,000 to $74,999!!Less than 20 percent",
"S2503_C04_039E","Percent owner-occupied housing units!!Estimate!!MONTHLY HOUSING COSTS AS A PERCENTAGE OF HOUSEHOLD INCOME IN THE PAST 12 MONTHS!!$50,000 to $74,999!!20 to 29 percent",
"S2503_C04_039M","Percent owner-occupied housing units!!Margin of Error!!MONTHLY HOUSING COSTS AS A PERCENTAGE OF HOUSEHOLD INCOME IN THE PAST 12 MONTHS!!$50,000 to $74,999!!20 to 29 percent",
"S2503_C04_040E","Percent owner-occupied housing units!!Estimate!!MONTHLY HOUSING COSTS AS A PERCENTAGE OF HOUSEHOLD INCOME IN THE PAST 12 MONTHS!!$50,000 to $74,999!!30 percent or more",
"S2503_C04_040M","Percent owner-occupied housing units!!Margin of Error!!MONTHLY HOUSING COSTS AS A PERCENTAGE OF HOUSEHOLD INCOME IN THE PAST 12 MONTHS!!$50,000 to $74,999!!30 percent or more",
"S2503_C04_041E","Percent owner-occupied housing units!!Estimate!!MONTHLY HOUSING COSTS AS A PERCENTAGE OF HOUSEHOLD INCOME IN THE PAST 12 MONTHS!!$75,000 or more",
"S2503_C04_041M","Percent owner-occupied housing units!!Margin of Error!!MONTHLY HOUSING COSTS AS A PERCENTAGE OF HOUSEHOLD INCOME IN THE PAST 12 MONTHS!!$75,000 or more",
"S2503_C04_042E","Percent owner-occupied housing units!!Estimate!!MONTHLY HOUSING COSTS AS A PERCENTAGE OF HOUSEHOLD INCOME IN THE PAST 12 MONTHS!!$75,000 or more!!Less than 20 percent",
"S2503_C04_042M","Percent owner-occupied housing units!!Margin of Error!!MONTHLY HOUSING COSTS AS A PERCENTAGE OF HOUSEHOLD INCOME IN THE PAST 12 MONTHS!!$75,000 or more!!Less than 20 percent",
"S2503_C04_043E","Percent owner-occupied housing units!!Estimate!!MONTHLY HOUSING COSTS AS A PERCENTAGE OF HOUSEHOLD INCOME IN THE PAST 12 MONTHS!!$75,000 or more!!20 to 29 percent",
"S2503_C04_043M","Percent owner-occupied housing units!!Margin of Error!!MONTHLY HOUSING COSTS AS A PERCENTAGE OF HOUSEHOLD INCOME IN THE PAST 12 MONTHS!!$75,000 or more!!20 to 29 percent",
"S2503_C04_044E","Percent owner-occupied housing units!!Estimate!!MONTHLY HOUSING COSTS AS A PERCENTAGE OF HOUSEHOLD INCOME IN THE PAST 12 MONTHS!!$75,000 or more!!30 percent or more",
"S2503_C04_044M","Percent owner-occupied housing units!!Margin of Error!!MONTHLY HOUSING COSTS AS A PERCENTAGE OF HOUSEHOLD INCOME IN THE PAST 12 MONTHS!!$75,000 or more!!30 percent or more",
"S2503_C04_045E","Percent owner-occupied housing units!!Estimate!!MONTHLY HOUSING COSTS AS A PERCENTAGE OF HOUSEHOLD INCOME IN THE PAST 12 MONTHS!!Zero or negative income",
"S2503_C04_045M","Percent owner-occupied housing units!!Margin of Error!!MONTHLY HOUSING COSTS AS A PERCENTAGE OF HOUSEHOLD INCOME IN THE PAST 12 MONTHS!!Zero or negative income",
"S2503_C04_046E","Percent owner-occupied housing units!!Estimate!!MONTHLY HOUSING COSTS AS A PERCENTAGE OF HOUSEHOLD INCOME IN THE PAST 12 MONTHS!!No cash rent",
"S2503_C04_046M","Percent owner-occupied housing units!!Margin of Error!!MONTHLY HOUSING COSTS AS A PERCENTAGE OF HOUSEHOLD INCOME IN THE PAST 12 MONTHS!!No cash rent",
"S2503_C05_001E","Renter-occupied housing units!!Estimate!!Occupied housing units",
"S2503_C05_001M","Renter-occupied housing units!!Margin of Error!!Occupied housing units",
"S2503_C05_002E","Renter-occupied housing units!!Estimate!!HOUSEHOLD INCOME IN THE PAST 12 MONTHS (IN 2017 INFLATION-ADJUSTED DOLLARS)!!Less than $5,000",
"S2503_C05_002M","Renter-occupied housing units!!Margin of Error!!HOUSEHOLD INCOME IN THE PAST 12 MONTHS (IN 2017 INFLATION-ADJUSTED DOLLARS)!!Less than $5,000",
"S2503_C05_003E","Renter-occupied housing units!!Estimate!!HOUSEHOLD INCOME IN THE PAST 12 MONTHS (IN 2017 INFLATION-ADJUSTED DOLLARS)!!$5,000 to $9,999",
"S2503_C05_003M","Renter-occupied housing units!!Margin of Error!!HOUSEHOLD INCOME IN THE PAST 12 MONTHS (IN 2017 INFLATION-ADJUSTED DOLLARS)!!$5,000 to $9,999",
"S2503_C05_004E","Renter-occupied housing units!!Estimate!!HOUSEHOLD INCOME IN THE PAST 12 MONTHS (IN 2017 INFLATION-ADJUSTED DOLLARS)!!$10,000 to $14,999",
"S2503_C05_004M","Renter-occupied housing units!!Margin of Error!!HOUSEHOLD INCOME IN THE PAST 12 MONTHS (IN 2017 INFLATION-ADJUSTED DOLLARS)!!$10,000 to $14,999",
"S2503_C05_005E","Renter-occupied housing units!!Estimate!!HOUSEHOLD INCOME IN THE PAST 12 MONTHS (IN 2017 INFLATION-ADJUSTED DOLLARS)!!$15,000 to $19,999",
"S2503_C05_005M","Renter-occupied housing units!!Margin of Error!!HOUSEHOLD INCOME IN THE PAST 12 MONTHS (IN 2017 INFLATION-ADJUSTED DOLLARS)!!$15,000 to $19,999",
"S2503_C05_006E","Renter-occupied housing units!!Estimate!!HOUSEHOLD INCOME IN THE PAST 12 MONTHS (IN 2017 INFLATION-ADJUSTED DOLLARS)!!$20,000 to $24,999",
"S2503_C05_006M","Renter-occupied housing units!!Margin of Error!!HOUSEHOLD INCOME IN THE PAST 12 MONTHS (IN 2017 INFLATION-ADJUSTED DOLLARS)!!$20,000 to $24,999",
"S2503_C05_007E","Renter-occupied housing units!!Estimate!!HOUSEHOLD INCOME IN THE PAST 12 MONTHS (IN 2017 INFLATION-ADJUSTED DOLLARS)!!$25,000 to $34,999",
"S2503_C05_007M","Renter-occupied housing units!!Margin of Error!!HOUSEHOLD INCOME IN THE PAST 12 MONTHS (IN 2017 INFLATION-ADJUSTED DOLLARS)!!$25,000 to $34,999",
"S2503_C05_008E","Renter-occupied housing units!!Estimate!!HOUSEHOLD INCOME IN THE PAST 12 MONTHS (IN 2017 INFLATION-ADJUSTED DOLLARS)!!$35,000 to $49,999",
"S2503_C05_008M","Renter-occupied housing units!!Margin of Error!!HOUSEHOLD INCOME IN THE PAST 12 MONTHS (IN 2017 INFLATION-ADJUSTED DOLLARS)!!$35,000 to $49,999",
"S2503_C05_009E","Renter-occupied housing units!!Estimate!!HOUSEHOLD INCOME IN THE PAST 12 MONTHS (IN 2017 INFLATION-ADJUSTED DOLLARS)!!$50,000 to $74,999",
"S2503_C05_009M","Renter-occupied housing units!!Margin of Error!!HOUSEHOLD INCOME IN THE PAST 12 MONTHS (IN 2017 INFLATION-ADJUSTED DOLLARS)!!$50,000 to $74,999",
"S2503_C05_010E","Renter-occupied housing units!!Estimate!!HOUSEHOLD INCOME IN THE PAST 12 MONTHS (IN 2017 INFLATION-ADJUSTED DOLLARS)!!$75,000 to $99,999",
"S2503_C05_010M","Renter-occupied housing units!!Margin of Error!!HOUSEHOLD INCOME IN THE PAST 12 MONTHS (IN 2017 INFLATION-ADJUSTED DOLLARS)!!$75,000 to $99,999",
"S2503_C05_011E","Renter-occupied housing units!!Estimate!!HOUSEHOLD INCOME IN THE PAST 12 MONTHS (IN 2017 INFLATION-ADJUSTED DOLLARS)!!$100,000 to $149,999",
"S2503_C05_011M","Renter-occupied housing units!!Margin of Error!!HOUSEHOLD INCOME IN THE PAST 12 MONTHS (IN 2017 INFLATION-ADJUSTED DOLLARS)!!$100,000 to $149,999",
"S2503_C05_012E","Renter-occupied housing units!!Estimate!!HOUSEHOLD INCOME IN THE PAST 12 MONTHS (IN 2017 INFLATION-ADJUSTED DOLLARS)!!$150,000 or more",
"S2503_C05_012M","Renter-occupied housing units!!Margin of Error!!HOUSEHOLD INCOME IN THE PAST 12 MONTHS (IN 2017 INFLATION-ADJUSTED DOLLARS)!!$150,000 or more",
"S2503_C05_013E","Renter-occupied housing units!!Estimate!!HOUSEHOLD INCOME IN THE PAST 12 MONTHS (IN 2017 INFLATION-ADJUSTED DOLLARS)!!Median household income (dollars)",
"S2503_C05_013M","Renter-occupied housing units!!Margin of Error!!HOUSEHOLD INCOME IN THE PAST 12 MONTHS (IN 2017 INFLATION-ADJUSTED DOLLARS)!!Median household income (dollars)",
"S2503_C05_014E","Renter-occupied housing units!!Estimate!!MONTHLY HOUSING COSTS!!Less than $300",
"S2503_C05_014M","Renter-occupied housing units!!Margin of Error!!MONTHLY HOUSING COSTS!!Less than $300",
"S2503_C05_015E","Renter-occupied housing units!!Estimate!!MONTHLY HOUSING COSTS!!$300 to $499",
"S2503_C05_015M","Renter-occupied housing units!!Margin of Error!!MONTHLY HOUSING COSTS!!$300 to $499",
"S2503_C05_016E","Renter-occupied housing units!!Estimate!!MONTHLY HOUSING COSTS!!$500 to $799",
"S2503_C05_016M","Renter-occupied housing units!!Margin of Error!!MONTHLY HOUSING COSTS!!$500 to $799",
"S2503_C05_017E","Renter-occupied housing units!!Estimate!!MONTHLY HOUSING COSTS!!$800 to $999",
"S2503_C05_017M","Renter-occupied housing units!!Margin of Error!!MONTHLY HOUSING COSTS!!$800 to $999",
"S2503_C05_018E","Renter-occupied housing units!!Estimate!!MONTHLY HOUSING COSTS!!$1,000 to $1,499",
"S2503_C05_018M","Renter-occupied housing units!!Margin of Error!!MONTHLY HOUSING COSTS!!$1,000 to $1,499",
"S2503_C05_019E","Renter-occupied housing units!!Estimate!!MONTHLY HOUSING COSTS!!$1,500 to $1,999",
"S2503_C05_019M","Renter-occupied housing units!!Margin of Error!!MONTHLY HOUSING COSTS!!$1,500 to $1,999",
"S2503_C05_020E","Renter-occupied housing units!!Estimate!!MONTHLY HOUSING COSTS!!$2,000 to $2,499",
"S2503_C05_020M","Renter-occupied housing units!!Margin of Error!!MONTHLY HOUSING COSTS!!$2,000 to $2,499",
"S2503_C05_021E","Renter-occupied housing units!!Estimate!!MONTHLY HOUSING COSTS!!$2,500 to $2,999",
"S2503_C05_021M","Renter-occupied housing units!!Margin of Error!!MONTHLY HOUSING COSTS!!$2,500 to $2,999",
"S2503_C05_022E","Renter-occupied housing units!!Estimate!!MONTHLY HOUSING COSTS!!$3,000 or more",
"S2503_C05_022M","Renter-occupied housing units!!Margin of Error!!MONTHLY HOUSING COSTS!!$3,000 or more",
"S2503_C05_023E","Renter-occupied housing units!!Estimate!!MONTHLY HOUSING COSTS!!No cash rent",
"S2503_C05_023M","Renter-occupied housing units!!Margin of Error!!MONTHLY HOUSING COSTS!!No cash rent",
"S2503_C05_024E","Renter-occupied housing units!!Estimate!!MONTHLY HOUSING COSTS!!Median (dollars)",
"S2503_C05_024M","Renter-occupied housing units!!Margin of Error!!MONTHLY HOUSING COSTS!!Median (dollars)",
"S2503_C05_025E","Renter-occupied housing units!!Estimate!!MONTHLY HOUSING COSTS AS A PERCENTAGE OF HOUSEHOLD INCOME IN THE PAST 12 MONTHS!!Less than $20,000",
"S2503_C05_025M","Renter-occupied housing units!!Margin of Error!!MONTHLY HOUSING COSTS AS A PERCENTAGE OF HOUSEHOLD INCOME IN THE PAST 12 MONTHS!!Less than $20,000",
"S2503_C05_026E","Renter-occupied housing units!!Estimate!!MONTHLY HOUSING COSTS AS A PERCENTAGE OF HOUSEHOLD INCOME IN THE PAST 12 MONTHS!!Less than $20,000!!Less than 20 percent",
"S2503_C05_026M","Renter-occupied housing units!!Margin of Error!!MONTHLY HOUSING COSTS AS A PERCENTAGE OF HOUSEHOLD INCOME IN THE PAST 12 MONTHS!!Less than $20,000!!Less than 20 percent",
"S2503_C05_027E","Renter-occupied housing units!!Estimate!!MONTHLY HOUSING COSTS AS A PERCENTAGE OF HOUSEHOLD INCOME IN THE PAST 12 MONTHS!!Less than $20,000!!20 to 29 percent",
"S2503_C05_027M","Renter-occupied housing units!!Margin of Error!!MONTHLY HOUSING COSTS AS A PERCENTAGE OF HOUSEHOLD INCOME IN THE PAST 12 MONTHS!!Less than $20,000!!20 to 29 percent",
"S2503_C05_028E","Renter-occupied housing units!!Estimate!!MONTHLY HOUSING COSTS AS A PERCENTAGE OF HOUSEHOLD INCOME IN THE PAST 12 MONTHS!!Less than $20,000!!30 percent or more",
"S2503_C05_028M","Renter-occupied housing units!!Margin of Error!!MONTHLY HOUSING COSTS AS A PERCENTAGE OF HOUSEHOLD INCOME IN THE PAST 12 MONTHS!!Less than $20,000!!30 percent or more",
"S2503_C05_029E","Renter-occupied housing units!!Estimate!!MONTHLY HOUSING COSTS AS A PERCENTAGE OF HOUSEHOLD INCOME IN THE PAST 12 MONTHS!!$20,000 to $34,999",
"S2503_C05_029M","Renter-occupied housing units!!Margin of Error!!MONTHLY HOUSING COSTS AS A PERCENTAGE OF HOUSEHOLD INCOME IN THE PAST 12 MONTHS!!$20,000 to $34,999",
"S2503_C05_030E","Renter-occupied housing units!!Estimate!!MONTHLY HOUSING COSTS AS A PERCENTAGE OF HOUSEHOLD INCOME IN THE PAST 12 MONTHS!!$20,000 to $34,999!!Less than 20 percent",
"S2503_C05_030M","Renter-occupied housing units!!Margin of Error!!MONTHLY HOUSING COSTS AS A PERCENTAGE OF HOUSEHOLD INCOME IN THE PAST 12 MONTHS!!$20,000 to $34,999!!Less than 20 percent",
"S2503_C05_031E","Renter-occupied housing units!!Estimate!!MONTHLY HOUSING COSTS AS A PERCENTAGE OF HOUSEHOLD INCOME IN THE PAST 12 MONTHS!!$20,000 to $34,999!!20 to 29 percent",
"S2503_C05_031M","Renter-occupied housing units!!Margin of Error!!MONTHLY HOUSING COSTS AS A PERCENTAGE OF HOUSEHOLD INCOME IN THE PAST 12 MONTHS!!$20,000 to $34,999!!20 to 29 percent",
"S2503_C05_032E","Renter-occupied housing units!!Estimate!!MONTHLY HOUSING COSTS AS A PERCENTAGE OF HOUSEHOLD INCOME IN THE PAST 12 MONTHS!!$20,000 to $34,999!!30 percent or more",
"S2503_C05_032M","Renter-occupied housing units!!Margin of Error!!MONTHLY HOUSING COSTS AS A PERCENTAGE OF HOUSEHOLD INCOME IN THE PAST 12 MONTHS!!$20,000 to $34,999!!30 percent or more",
"S2503_C05_033E","Renter-occupied housing units!!Estimate!!MONTHLY HOUSING COSTS AS A PERCENTAGE OF HOUSEHOLD INCOME IN THE PAST 12 MONTHS!!$35,000 to $49,999",
"S2503_C05_033M","Renter-occupied housing units!!Margin of Error!!MONTHLY HOUSING COSTS AS A PERCENTAGE OF HOUSEHOLD INCOME IN THE PAST 12 MONTHS!!$35,000 to $49,999",
"S2503_C05_034E","Renter-occupied housing units!!Estimate!!MONTHLY HOUSING COSTS AS A PERCENTAGE OF HOUSEHOLD INCOME IN THE PAST 12 MONTHS!!$35,000 to $49,999!!Less than 20 percent",
"S2503_C05_034M","Renter-occupied housing units!!Margin of Error!!MONTHLY HOUSING COSTS AS A PERCENTAGE OF HOUSEHOLD INCOME IN THE PAST 12 MONTHS!!$35,000 to $49,999!!Less than 20 percent",
"S2503_C05_035E","Renter-occupied housing units!!Estimate!!MONTHLY HOUSING COSTS AS A PERCENTAGE OF HOUSEHOLD INCOME IN THE PAST 12 MONTHS!!$35,000 to $49,999!!20 to 29 percent",
"S2503_C05_035M","Renter-occupied housing units!!Margin of Error!!MONTHLY HOUSING COSTS AS A PERCENTAGE OF HOUSEHOLD INCOME IN THE PAST 12 MONTHS!!$35,000 to $49,999!!20 to 29 percent",
"S2503_C05_036E","Renter-occupied housing units!!Estimate!!MONTHLY HOUSING COSTS AS A PERCENTAGE OF HOUSEHOLD INCOME IN THE PAST 12 MONTHS!!$35,000 to $49,999!!30 percent or more",
"S2503_C05_036M","Renter-occupied housing units!!Margin of Error!!MONTHLY HOUSING COSTS AS A PERCENTAGE OF HOUSEHOLD INCOME IN THE PAST 12 MONTHS!!$35,000 to $49,999!!30 percent or more",
"S2503_C05_037E","Renter-occupied housing units!!Estimate!!MONTHLY HOUSING COSTS AS A PERCENTAGE OF HOUSEHOLD INCOME IN THE PAST 12 MONTHS!!$50,000 to $74,999",
"S2503_C05_037M","Renter-occupied housing units!!Margin of Error!!MONTHLY HOUSING COSTS AS A PERCENTAGE OF HOUSEHOLD INCOME IN THE PAST 12 MONTHS!!$50,000 to $74,999",
"S2503_C05_038E","Renter-occupied housing units!!Estimate!!MONTHLY HOUSING COSTS AS A PERCENTAGE OF HOUSEHOLD INCOME IN THE PAST 12 MONTHS!!$50,000 to $74,999!!Less than 20 percent",
"S2503_C05_038M","Renter-occupied housing units!!Margin of Error!!MONTHLY HOUSING COSTS AS A PERCENTAGE OF HOUSEHOLD INCOME IN THE PAST 12 MONTHS!!$50,000 to $74,999!!Less than 20 percent",
"S2503_C05_039E","Renter-occupied housing units!!Estimate!!MONTHLY HOUSING COSTS AS A PERCENTAGE OF HOUSEHOLD INCOME IN THE PAST 12 MONTHS!!$50,000 to $74,999!!20 to 29 percent",
"S2503_C05_039M","Renter-occupied housing units!!Margin of Error!!MONTHLY HOUSING COSTS AS A PERCENTAGE OF HOUSEHOLD INCOME IN THE PAST 12 MONTHS!!$50,000 to $74,999!!20 to 29 percent",
"S2503_C05_040E","Renter-occupied housing units!!Estimate!!MONTHLY HOUSING COSTS AS A PERCENTAGE OF HOUSEHOLD INCOME IN THE PAST 12 MONTHS!!$50,000 to $74,999!!30 percent or more",
"S2503_C05_040M","Renter-occupied housing units!!Margin of Error!!MONTHLY HOUSING COSTS AS A PERCENTAGE OF HOUSEHOLD INCOME IN THE PAST 12 MONTHS!!$50,000 to $74,999!!30 percent or more",
"S2503_C05_041E","Renter-occupied housing units!!Estimate!!MONTHLY HOUSING COSTS AS A PERCENTAGE OF HOUSEHOLD INCOME IN THE PAST 12 MONTHS!!$75,000 or more",
"S2503_C05_041M","Renter-occupied housing units!!Margin of Error!!MONTHLY HOUSING COSTS AS A PERCENTAGE OF HOUSEHOLD INCOME IN THE PAST 12 MONTHS!!$75,000 or more",
"S2503_C05_042E","Renter-occupied housing units!!Estimate!!MONTHLY HOUSING COSTS AS A PERCENTAGE OF HOUSEHOLD INCOME IN THE PAST 12 MONTHS!!$75,000 or more!!Less than 20 percent",
"S2503_C05_042M","Renter-occupied housing units!!Margin of Error!!MONTHLY HOUSING COSTS AS A PERCENTAGE OF HOUSEHOLD INCOME IN THE PAST 12 MONTHS!!$75,000 or more!!Less than 20 percent",
"S2503_C05_043E","Renter-occupied housing units!!Estimate!!MONTHLY HOUSING COSTS AS A PERCENTAGE OF HOUSEHOLD INCOME IN THE PAST 12 MONTHS!!$75,000 or more!!20 to 29 percent",
"S2503_C05_043M","Renter-occupied housing units!!Margin of Error!!MONTHLY HOUSING COSTS AS A PERCENTAGE OF HOUSEHOLD INCOME IN THE PAST 12 MONTHS!!$75,000 or more!!20 to 29 percent",
"S2503_C05_044E","Renter-occupied housing units!!Estimate!!MONTHLY HOUSING COSTS AS A PERCENTAGE OF HOUSEHOLD INCOME IN THE PAST 12 MONTHS!!$75,000 or more!!30 percent or more",
"S2503_C05_044M","Renter-occupied housing units!!Margin of Error!!MONTHLY HOUSING COSTS AS A PERCENTAGE OF HOUSEHOLD INCOME IN THE PAST 12 MONTHS!!$75,000 or more!!30 percent or more",
"S2503_C05_045E","Renter-occupied housing units!!Estimate!!MONTHLY HOUSING COSTS AS A PERCENTAGE OF HOUSEHOLD INCOME IN THE PAST 12 MONTHS!!Zero or negative income",
"S2503_C05_045M","Renter-occupied housing units!!Margin of Error!!MONTHLY HOUSING COSTS AS A PERCENTAGE OF HOUSEHOLD INCOME IN THE PAST 12 MONTHS!!Zero or negative income",
"S2503_C05_046E","Renter-occupied housing units!!Estimate!!MONTHLY HOUSING COSTS AS A PERCENTAGE OF HOUSEHOLD INCOME IN THE PAST 12 MONTHS!!No cash rent",
"S2503_C05_046M","Renter-occupied housing units!!Margin of Error!!MONTHLY HOUSING COSTS AS A PERCENTAGE OF HOUSEHOLD INCOME IN THE PAST 12 MONTHS!!No cash rent",
"S2503_C06_001E","Percent renter-occupied housing units!!Estimate!!Occupied housing units",
"S2503_C06_001M","Percent renter-occupied housing units!!Margin of Error!!Occupied housing units",
"S2503_C06_002E","Percent renter-occupied housing units!!Estimate!!HOUSEHOLD INCOME IN THE PAST 12 MONTHS (IN 2017 INFLATION-ADJUSTED DOLLARS)!!Less than $5,000",
"S2503_C06_002M","Percent renter-occupied housing units!!Margin of Error!!HOUSEHOLD INCOME IN THE PAST 12 MONTHS (IN 2017 INFLATION-ADJUSTED DOLLARS)!!Less than $5,000",
"S2503_C06_003E","Percent renter-occupied housing units!!Estimate!!HOUSEHOLD INCOME IN THE PAST 12 MONTHS (IN 2017 INFLATION-ADJUSTED DOLLARS)!!$5,000 to $9,999",
"S2503_C06_003M","Percent renter-occupied housing units!!Margin of Error!!HOUSEHOLD INCOME IN THE PAST 12 MONTHS (IN 2017 INFLATION-ADJUSTED DOLLARS)!!$5,000 to $9,999",
"S2503_C06_004E","Percent renter-occupied housing units!!Estimate!!HOUSEHOLD INCOME IN THE PAST 12 MONTHS (IN 2017 INFLATION-ADJUSTED DOLLARS)!!$10,000 to $14,999",
"S2503_C06_004M","Percent renter-occupied housing units!!Margin of Error!!HOUSEHOLD INCOME IN THE PAST 12 MONTHS (IN 2017 INFLATION-ADJUSTED DOLLARS)!!$10,000 to $14,999",
"S2503_C06_005E","Percent renter-occupied housing units!!Estimate!!HOUSEHOLD INCOME IN THE PAST 12 MONTHS (IN 2017 INFLATION-ADJUSTED DOLLARS)!!$15,000 to $19,999",
"S2503_C06_005M","Percent renter-occupied housing units!!Margin of Error!!HOUSEHOLD INCOME IN THE PAST 12 MONTHS (IN 2017 INFLATION-ADJUSTED DOLLARS)!!$15,000 to $19,999",
"S2503_C06_006E","Percent renter-occupied housing units!!Estimate!!HOUSEHOLD INCOME IN THE PAST 12 MONTHS (IN 2017 INFLATION-ADJUSTED DOLLARS)!!$20,000 to $24,999",
"S2503_C06_006M","Percent renter-occupied housing units!!Margin of Error!!HOUSEHOLD INCOME IN THE PAST 12 MONTHS (IN 2017 INFLATION-ADJUSTED DOLLARS)!!$20,000 to $24,999",
"S2503_C06_007E","Percent renter-occupied housing units!!Estimate!!HOUSEHOLD INCOME IN THE PAST 12 MONTHS (IN 2017 INFLATION-ADJUSTED DOLLARS)!!$25,000 to $34,999",
"S2503_C06_007M","Percent renter-occupied housing units!!Margin of Error!!HOUSEHOLD INCOME IN THE PAST 12 MONTHS (IN 2017 INFLATION-ADJUSTED DOLLARS)!!$25,000 to $34,999",
"S2503_C06_008E","Percent renter-occupied housing units!!Estimate!!HOUSEHOLD INCOME IN THE PAST 12 MONTHS (IN 2017 INFLATION-ADJUSTED DOLLARS)!!$35,000 to $49,999",
"S2503_C06_008M","Percent renter-occupied housing units!!Margin of Error!!HOUSEHOLD INCOME IN THE PAST 12 MONTHS (IN 2017 INFLATION-ADJUSTED DOLLARS)!!$35,000 to $49,999",
"S2503_C06_009E","Percent renter-occupied housing units!!Estimate!!HOUSEHOLD INCOME IN THE PAST 12 MONTHS (IN 2017 INFLATION-ADJUSTED DOLLARS)!!$50,000 to $74,999",
"S2503_C06_009M","Percent renter-occupied housing units!!Margin of Error!!HOUSEHOLD INCOME IN THE PAST 12 MONTHS (IN 2017 INFLATION-ADJUSTED DOLLARS)!!$50,000 to $74,999",
"S2503_C06_010E","Percent renter-occupied housing units!!Estimate!!HOUSEHOLD INCOME IN THE PAST 12 MONTHS (IN 2017 INFLATION-ADJUSTED DOLLARS)!!$75,000 to $99,999",
"S2503_C06_010M","Percent renter-occupied housing units!!Margin of Error!!HOUSEHOLD INCOME IN THE PAST 12 MONTHS (IN 2017 INFLATION-ADJUSTED DOLLARS)!!$75,000 to $99,999",
"S2503_C06_011E","Percent renter-occupied housing units!!Estimate!!HOUSEHOLD INCOME IN THE PAST 12 MONTHS (IN 2017 INFLATION-ADJUSTED DOLLARS)!!$100,000 to $149,999",
"S2503_C06_011M","Percent renter-occupied housing units!!Margin of Error!!HOUSEHOLD INCOME IN THE PAST 12 MONTHS (IN 2017 INFLATION-ADJUSTED DOLLARS)!!$100,000 to $149,999",
"S2503_C06_012E","Percent renter-occupied housing units!!Estimate!!HOUSEHOLD INCOME IN THE PAST 12 MONTHS (IN 2017 INFLATION-ADJUSTED DOLLARS)!!$150,000 or more",
"S2503_C06_012M","Percent renter-occupied housing units!!Margin of Error!!HOUSEHOLD INCOME IN THE PAST 12 MONTHS (IN 2017 INFLATION-ADJUSTED DOLLARS)!!$150,000 or more",
"S2503_C06_013E","Percent renter-occupied housing units!!Estimate!!HOUSEHOLD INCOME IN THE PAST 12 MONTHS (IN 2017 INFLATION-ADJUSTED DOLLARS)!!Median household income (dollars)",
"S2503_C06_013M","Percent renter-occupied housing units!!Margin of Error!!HOUSEHOLD INCOME IN THE PAST 12 MONTHS (IN 2017 INFLATION-ADJUSTED DOLLARS)!!Median household income (dollars)",
"S2503_C06_014E","Percent renter-occupied housing units!!Estimate!!MONTHLY HOUSING COSTS!!Less than $300",
"S2503_C06_014M","Percent renter-occupied housing units!!Margin of Error!!MONTHLY HOUSING COSTS!!Less than $300",
"S2503_C06_015E","Percent renter-occupied housing units!!Estimate!!MONTHLY HOUSING COSTS!!$300 to $499",
"S2503_C06_015M","Percent renter-occupied housing units!!Margin of Error!!MONTHLY HOUSING COSTS!!$300 to $499",
"S2503_C06_016E","Percent renter-occupied housing units!!Estimate!!MONTHLY HOUSING COSTS!!$500 to $799",
"S2503_C06_016M","Percent renter-occupied housing units!!Margin of Error!!MONTHLY HOUSING COSTS!!$500 to $799",
"S2503_C06_017E","Percent renter-occupied housing units!!Estimate!!MONTHLY HOUSING COSTS!!$800 to $999",
"S2503_C06_017M","Percent renter-occupied housing units!!Margin of Error!!MONTHLY HOUSING COSTS!!$800 to $999",
"S2503_C06_018E","Percent renter-occupied housing units!!Estimate!!MONTHLY HOUSING COSTS!!$1,000 to $1,499",
"S2503_C06_018M","Percent renter-occupied housing units!!Margin of Error!!MONTHLY HOUSING COSTS!!$1,000 to $1,499",
"S2503_C06_019E","Percent renter-occupied housing units!!Estimate!!MONTHLY HOUSING COSTS!!$1,500 to $1,999",
"S2503_C06_019M","Percent renter-occupied housing units!!Margin of Error!!MONTHLY HOUSING COSTS!!$1,500 to $1,999",
"S2503_C06_020E","Percent renter-occupied housing units!!Estimate!!MONTHLY HOUSING COSTS!!$2,000 to $2,499",
"S2503_C06_020M","Percent renter-occupied housing units!!Margin of Error!!MONTHLY HOUSING COSTS!!$2,000 to $2,499",
"S2503_C06_021E","Percent renter-occupied housing units!!Estimate!!MONTHLY HOUSING COSTS!!$2,500 to $2,999",
"S2503_C06_021M","Percent renter-occupied housing units!!Margin of Error!!MONTHLY HOUSING COSTS!!$2,500 to $2,999",
"S2503_C06_022E","Percent renter-occupied housing units!!Estimate!!MONTHLY HOUSING COSTS!!$3,000 or more",
"S2503_C06_022M","Percent renter-occupied housing units!!Margin of Error!!MONTHLY HOUSING COSTS!!$3,000 or more",
"S2503_C06_023E","Percent renter-occupied housing units!!Estimate!!MONTHLY HOUSING COSTS!!No cash rent",
"S2503_C06_023M","Percent renter-occupied housing units!!Margin of Error!!MONTHLY HOUSING COSTS!!No cash rent",
"S2503_C06_024E","Percent renter-occupied housing units!!Estimate!!MONTHLY HOUSING COSTS!!Median (dollars)",
"S2503_C06_024M","Percent renter-occupied housing units!!Margin of Error!!MONTHLY HOUSING COSTS!!Median (dollars)",
"S2503_C06_025E","Percent renter-occupied housing units!!Estimate!!MONTHLY HOUSING COSTS AS A PERCENTAGE OF HOUSEHOLD INCOME IN THE PAST 12 MONTHS!!Less than $20,000",
"S2503_C06_025M","Percent renter-occupied housing units!!Margin of Error!!MONTHLY HOUSING COSTS AS A PERCENTAGE OF HOUSEHOLD INCOME IN THE PAST 12 MONTHS!!Less than $20,000",
"S2503_C06_026E","Percent renter-occupied housing units!!Estimate!!MONTHLY HOUSING COSTS AS A PERCENTAGE OF HOUSEHOLD INCOME IN THE PAST 12 MONTHS!!Less than $20,000!!Less than 20 percent",
"S2503_C06_026M","Percent renter-occupied housing units!!Margin of Error!!MONTHLY HOUSING COSTS AS A PERCENTAGE OF HOUSEHOLD INCOME IN THE PAST 12 MONTHS!!Less than $20,000!!Less than 20 percent",
"S2503_C06_027E","Percent renter-occupied housing units!!Estimate!!MONTHLY HOUSING COSTS AS A PERCENTAGE OF HOUSEHOLD INCOME IN THE PAST 12 MONTHS!!Less than $20,000!!20 to 29 percent",
"S2503_C06_027M","Percent renter-occupied housing units!!Margin of Error!!MONTHLY HOUSING COSTS AS A PERCENTAGE OF HOUSEHOLD INCOME IN THE PAST 12 MONTHS!!Less than $20,000!!20 to 29 percent",
"S2503_C06_028E","Percent renter-occupied housing units!!Estimate!!MONTHLY HOUSING COSTS AS A PERCENTAGE OF HOUSEHOLD INCOME IN THE PAST 12 MONTHS!!Less than $20,000!!30 percent or more",
"S2503_C06_028M","Percent renter-occupied housing units!!Margin of Error!!MONTHLY HOUSING COSTS AS A PERCENTAGE OF HOUSEHOLD INCOME IN THE PAST 12 MONTHS!!Less than $20,000!!30 percent or more",
"S2503_C06_029E","Percent renter-occupied housing units!!Estimate!!MONTHLY HOUSING COSTS AS A PERCENTAGE OF HOUSEHOLD INCOME IN THE PAST 12 MONTHS!!$20,000 to $34,999",
"S2503_C06_029M","Percent renter-occupied housing units!!Margin of Error!!MONTHLY HOUSING COSTS AS A PERCENTAGE OF HOUSEHOLD INCOME IN THE PAST 12 MONTHS!!$20,000 to $34,999",
"S2503_C06_030E","Percent renter-occupied housing units!!Estimate!!MONTHLY HOUSING COSTS AS A PERCENTAGE OF HOUSEHOLD INCOME IN THE PAST 12 MONTHS!!$20,000 to $34,999!!Less than 20 percent",
"S2503_C06_030M","Percent renter-occupied housing units!!Margin of Error!!MONTHLY HOUSING COSTS AS A PERCENTAGE OF HOUSEHOLD INCOME IN THE PAST 12 MONTHS!!$20,000 to $34,999!!Less than 20 percent",
"S2503_C06_031E","Percent renter-occupied housing units!!Estimate!!MONTHLY HOUSING COSTS AS A PERCENTAGE OF HOUSEHOLD INCOME IN THE PAST 12 MONTHS!!$20,000 to $34,999!!20 to 29 percent",
"S2503_C06_031M","Percent renter-occupied housing units!!Margin of Error!!MONTHLY HOUSING COSTS AS A PERCENTAGE OF HOUSEHOLD INCOME IN THE PAST 12 MONTHS!!$20,000 to $34,999!!20 to 29 percent",
"S2503_C06_032E","Percent renter-occupied housing units!!Estimate!!MONTHLY HOUSING COSTS AS A PERCENTAGE OF HOUSEHOLD INCOME IN THE PAST 12 MONTHS!!$20,000 to $34,999!!30 percent or more",
"S2503_C06_032M","Percent renter-occupied housing units!!Margin of Error!!MONTHLY HOUSING COSTS AS A PERCENTAGE OF HOUSEHOLD INCOME IN THE PAST 12 MONTHS!!$20,000 to $34,999!!30 percent or more",
"S2503_C06_033E","Percent renter-occupied housing units!!Estimate!!MONTHLY HOUSING COSTS AS A PERCENTAGE OF HOUSEHOLD INCOME IN THE PAST 12 MONTHS!!$35,000 to $49,999",
"S2503_C06_033M","Percent renter-occupied housing units!!Margin of Error!!MONTHLY HOUSING COSTS AS A PERCENTAGE OF HOUSEHOLD INCOME IN THE PAST 12 MONTHS!!$35,000 to $49,999",
"S2503_C06_034E","Percent renter-occupied housing units!!Estimate!!MONTHLY HOUSING COSTS AS A PERCENTAGE OF HOUSEHOLD INCOME IN THE PAST 12 MONTHS!!$35,000 to $49,999!!Less than 20 percent",
"S2503_C06_034M","Percent renter-occupied housing units!!Margin of Error!!MONTHLY HOUSING COSTS AS A PERCENTAGE OF HOUSEHOLD INCOME IN THE PAST 12 MONTHS!!$35,000 to $49,999!!Less than 20 percent",
"S2503_C06_035E","Percent renter-occupied housing units!!Estimate!!MONTHLY HOUSING COSTS AS A PERCENTAGE OF HOUSEHOLD INCOME IN THE PAST 12 MONTHS!!$35,000 to $49,999!!20 to 29 percent",
"S2503_C06_035M","Percent renter-occupied housing units!!Margin of Error!!MONTHLY HOUSING COSTS AS A PERCENTAGE OF HOUSEHOLD INCOME IN THE PAST 12 MONTHS!!$35,000 to $49,999!!20 to 29 percent",
"S2503_C06_036E","Percent renter-occupied housing units!!Estimate!!MONTHLY HOUSING COSTS AS A PERCENTAGE OF HOUSEHOLD INCOME IN THE PAST 12 MONTHS!!$35,000 to $49,999!!30 percent or more",
"S2503_C06_036M","Percent renter-occupied housing units!!Margin of Error!!MONTHLY HOUSING COSTS AS A PERCENTAGE OF HOUSEHOLD INCOME IN THE PAST 12 MONTHS!!$35,000 to $49,999!!30 percent or more",
"S2503_C06_037E","Percent renter-occupied housing units!!Estimate!!MONTHLY HOUSING COSTS AS A PERCENTAGE OF HOUSEHOLD INCOME IN THE PAST 12 MONTHS!!$50,000 to $74,999",
"S2503_C06_037M","Percent renter-occupied housing units!!Margin of Error!!MONTHLY HOUSING COSTS AS A PERCENTAGE OF HOUSEHOLD INCOME IN THE PAST 12 MONTHS!!$50,000 to $74,999",
"S2503_C06_038E","Percent renter-occupied housing units!!Estimate!!MONTHLY HOUSING COSTS AS A PERCENTAGE OF HOUSEHOLD INCOME IN THE PAST 12 MONTHS!!$50,000 to $74,999!!Less than 20 percent",
"S2503_C06_038M","Percent renter-occupied housing units!!Margin of Error!!MONTHLY HOUSING COSTS AS A PERCENTAGE OF HOUSEHOLD INCOME IN THE PAST 12 MONTHS!!$50,000 to $74,999!!Less than 20 percent",
"S2503_C06_039E","Percent renter-occupied housing units!!Estimate!!MONTHLY HOUSING COSTS AS A PERCENTAGE OF HOUSEHOLD INCOME IN THE PAST 12 MONTHS!!$50,000 to $74,999!!20 to 29 percent",
"S2503_C06_039M","Percent renter-occupied housing units!!Margin of Error!!MONTHLY HOUSING COSTS AS A PERCENTAGE OF HOUSEHOLD INCOME IN THE PAST 12 MONTHS!!$50,000 to $74,999!!20 to 29 percent",
"S2503_C06_040E","Percent renter-occupied housing units!!Estimate!!MONTHLY HOUSING COSTS AS A PERCENTAGE OF HOUSEHOLD INCOME IN THE PAST 12 MONTHS!!$50,000 to $74,999!!30 percent or more",
"S2503_C06_040M","Percent renter-occupied housing units!!Margin of Error!!MONTHLY HOUSING COSTS AS A PERCENTAGE OF HOUSEHOLD INCOME IN THE PAST 12 MONTHS!!$50,000 to $74,999!!30 percent or more",
"S2503_C06_041E","Percent renter-occupied housing units!!Estimate!!MONTHLY HOUSING COSTS AS A PERCENTAGE OF HOUSEHOLD INCOME IN THE PAST 12 MONTHS!!$75,000 or more",
"S2503_C06_041M","Percent renter-occupied housing units!!Margin of Error!!MONTHLY HOUSING COSTS AS A PERCENTAGE OF HOUSEHOLD INCOME IN THE PAST 12 MONTHS!!$75,000 or more",
"S2503_C06_042E","Percent renter-occupied housing units!!Estimate!!MONTHLY HOUSING COSTS AS A PERCENTAGE OF HOUSEHOLD INCOME IN THE PAST 12 MONTHS!!$75,000 or more!!Less than 20 percent",
"S2503_C06_042M","Percent renter-occupied housing units!!Margin of Error!!MONTHLY HOUSING COSTS AS A PERCENTAGE OF HOUSEHOLD INCOME IN THE PAST 12 MONTHS!!$75,000 or more!!Less than 20 percent",
"S2503_C06_043E","Percent renter-occupied housing units!!Estimate!!MONTHLY HOUSING COSTS AS A PERCENTAGE OF HOUSEHOLD INCOME IN THE PAST 12 MONTHS!!$75,000 or more!!20 to 29 percent",
"S2503_C06_043M","Percent renter-occupied housing units!!Margin of Error!!MONTHLY HOUSING COSTS AS A PERCENTAGE OF HOUSEHOLD INCOME IN THE PAST 12 MONTHS!!$75,000 or more!!20 to 29 percent",
"S2503_C06_044E","Percent renter-occupied housing units!!Estimate!!MONTHLY HOUSING COSTS AS A PERCENTAGE OF HOUSEHOLD INCOME IN THE PAST 12 MONTHS!!$75,000 or more!!30 percent or more",
"S2503_C06_044M","Percent renter-occupied housing units!!Margin of Error!!MONTHLY HOUSING COSTS AS A PERCENTAGE OF HOUSEHOLD INCOME IN THE PAST 12 MONTHS!!$75,000 or more!!30 percent or more",
"S2503_C06_045E","Percent renter-occupied housing units!!Estimate!!MONTHLY HOUSING COSTS AS A PERCENTAGE OF HOUSEHOLD INCOME IN THE PAST 12 MONTHS!!Zero or negative income",
"S2503_C06_045M","Percent renter-occupied housing units!!Margin of Error!!MONTHLY HOUSING COSTS AS A PERCENTAGE OF HOUSEHOLD INCOME IN THE PAST 12 MONTHS!!Zero or negative income",
"S2503_C06_046E","Percent renter-occupied housing units!!Estimate!!MONTHLY HOUSING COSTS AS A PERCENTAGE OF HOUSEHOLD INCOME IN THE PAST 12 MONTHS!!No cash rent",
"S2503_C06_046M","Percent renter-occupied housing units!!Margin of Error!!MONTHLY HOUSING COSTS AS A PERCENTAGE OF HOUSEHOLD INCOME IN THE PAST 12 MONTHS!!No cash rent",
